signal_time,signal_side,hyper_turbo,alpha_1,alpha_2_nr,votes_for,votes_total,decision
2025-03-27 19:00:00+00:00,SHORT,FLAT,FLAT,LONG,0,3,FLAT
2025-03-30 11:00:00+00:00,LONG,LONG,FLAT,LONG,2,3,ENTER
2025-03-30 20:00:00+00:00,SHORT,SHORT,FLAT,SHORT,2,3,ENTER
2025-03-31 06:00:00+00:00,LONG,LONG,SHORT,LONG,2,3,ENTER
2025-04-01 15:00:00+00:00,SHORT,SHORT,SHORT,SHORT,3,3,ENTER
2025-04-02 23:00:00+00:00,LONG,LONG,LONG,LONG,3,3,ENTER
2025-04-03 10:00:00+00:00,SHORT,SHORT,SHORT,SHORT,3,3,ENTER
2025-04-07 02:00:00+00:00,LONG,LONG,SHORT,LONG,2,3,ENTER
2025-04-07 16:00:00+00:00,SHORT,SHORT,SHORT,SHORT,3,3,ENTER
2025-04-09 06:00:00+00:00,LONG,LONG,LONG,LONG,3,3,ENTER
2025-04-12 13:00:00+00:00,SHORT,SHORT,SHORT,SHORT,3,3,ENTER
2025-04-13 15:00:00+00:00,LONG,LONG,SHORT,LONG,2,3,ENTER
2025-04-14 10:00:00+00:00,SHORT,SHORT,SHORT,SHORT,3,3,ENTER
2025-04-15 23:00:00+00:00,LONG,LONG,LONG,LONG,3,3,ENTER
2025-04-17 13:00:00+00:00,SHORT,SHORT,SHORT,SHORT,3,3,ENTER
2025-04-20 22:00:00+00:00,LONG,LONG,LONG,LONG,3,3,ENTER
2025-04-22 08:00:00+00:00,SHORT,SHORT,LONG,SHORT,2,3,ENTER
2025-04-24 01:00:00+00:00,LONG,LONG,LONG,LONG,3,3,ENTER
2025-04-25 05:00:00+00:00,SHORT,SHORT,SHORT,SHORT,3,3,ENTER
2025-04-28 14:00:00+00:00,LONG,LONG,LONG,LONG,3,3,ENTER
2025-04-30 01:00:00+00:00,SHORT,SHORT,SHORT,SHORT,3,3,ENTER
2025-04-30 13:00:00+00:00,LONG,LONG,SHORT,LONG,2,3,ENTER
2025-04-30 22:00:00+00:00,SHORT,SHORT,SHORT,SHORT,3,3,ENTER
2025-05-02 07:00:00+00:00,LONG,LONG,LONG,LONG,3,3,ENTER
2025-05-02 16:00:00+00:00,SHORT,SHORT,LONG,SHORT,2,3,ENTER
2025-05-05 01:00:00+00:00,LONG,LONG,LONG,LONG,3,3,ENTER
2025-05-06 22:00:00+00:00,SHORT,SHORT,LONG,SHORT,2,3,ENTER
2025-05-08 01:00:00+00:00,LONG,LONG,SHORT,LONG,2,3,ENTER
2025-05-08 05:00:00+00:00,SHORT,SHORT,SHORT,SHORT,3,3,ENTER
2025-05-15 10:00:00+00:00,LONG,LONG,SHORT,LONG,2,3,ENTER
2025-05-16 10:00:00+00:00,SHORT,SHORT,SHORT,SHORT,3,3,ENTER
2025-05-18 04:00:00+00:00,LONG,LONG,LONG,LONG,3,3,ENTER
2025-05-20 02:00:00+00:00,SHORT,SHORT,SHORT,SHORT,3,3,ENTER
2025-05-20 08:00:00+00:00,LONG,LONG,SHORT,LONG,2,3,ENTER
2025-05-22 09:00:00+00:00,SHORT,SHORT,SHORT,SHORT,3,3,ENTER
2025-05-23 11:00:00+00:00,LONG,LONG,LONG,LONG,3,3,ENTER
2025-05-25 22:00:00+00:00,SHORT,SHORT,SHORT,SHORT,3,3,ENTER
2025-05-28 09:00:00+00:00,LONG,LONG,LONG,LONG,3,3,ENTER
2025-05-28 20:00:00+00:00,SHORT,SHORT,SHORT,SHORT,3,3,ENTER
2025-05-29 11:00:00+00:00,LONG,LONG,SHORT,LONG,2,3,ENTER
2025-05-30 13:00:00+00:00,SHORT,SHORT,SHORT,SHORT,3,3,ENTER
2025-06-01 18:00:00+00:00,LONG,LONG,LONG,LONG,3,3,ENTER
2025-06-03 03:00:00+00:00,SHORT,SHORT,LONG,SHORT,2,3,ENTER
2025-06-04 14:00:00+00:00,LONG,LONG,SHORT,LONG,2,3,ENTER
2025-06-05 15:00:00+00:00,SHORT,SHORT,SHORT,SHORT,3,3,ENTER
2025-06-08 23:00:00+00:00,LONG,LONG,LONG,LONG,3,3,ENTER
2025-06-09 00:00:00+00:00,SHORT,SHORT,SHORT,SHORT,3,3,ENTER
2025-06-09 06:00:00+00:00,LONG,LONG,LONG,LONG,3,3,ENTER
2025-06-10 01:00:00+00:00,SHORT,SHORT,SHORT,SHORT,3,3,ENTER
2025-06-10 10:00:00+00:00,LONG,LONG,LONG,LONG,3,3,ENTER
2025-06-16 02:00:00+00:00,SHORT,SHORT,SHORT,SHORT,3,3,ENTER
2025-06-20 21:00:00+00:00,LONG,LONG,LONG,LONG,3,3,ENTER
2025-06-22 22:00:00+00:00,SHORT,SHORT,LONG,SHORT,2,3,ENTER
2025-06-25 23:00:00+00:00,LONG,LONG,LONG,LONG,3,3,ENTER
2025-06-26 12:00:00+00:00,SHORT,SHORT,SHORT,SHORT,3,3,ENTER
2025-06-30 02:00:00+00:00,LONG,LONG,SHORT,LONG,2,3,ENTER
2025-07-02 06:00:00+00:00,SHORT,SHORT,SHORT,SHORT,3,3,ENTER
2025-07-02 19:00:00+00:00,LONG,LONG,LONG,LONG,3,3,ENTER
2025-07-03 12:00:00+00:00,SHORT,SHORT,SHORT,SHORT,3,3,ENTER
2025-07-06 08:00:00+00:00,LONG,LONG,SHORT,LONG,2,3,ENTER
2025-07-06 15:00:00+00:00,SHORT,SHORT,SHORT,SHORT,3,3,ENTER
2025-07-07 17:00:00+00:00,LONG,LONG,SHORT,LONG,2,3,ENTER
2025-07-08 13:00:00+00:00,SHORT,SHORT,SHORT,SHORT,3,3,ENTER
2025-07-09 14:00:00+00:00,LONG,LONG,SHORT,LONG,2,3,ENTER
2025-07-15 15:00:00+00:00,SHORT,SHORT,SHORT,SHORT,3,3,ENTER
2025-07-16 16:00:00+00:00,LONG,LONG,LONG,LONG,3,3,ENTER
2025-07-17 12:00:00+00:00,SHORT,SHORT,SHORT,SHORT,3,3,ENTER
2025-07-18 07:00:00+00:00,LONG,LONG,LONG,LONG,3,3,ENTER
2025-07-20 09:00:00+00:00,SHORT,SHORT,SHORT,SHORT,3,3,ENTER
2025-07-21 01:00:00+00:00,LONG,LONG,LONG,LONG,3,3,ENTER
2025-07-23 13:00:00+00:00,SHORT,SHORT,SHORT,SHORT,3,3,ENTER
2025-07-31 08:00:00+00:00,LONG,LONG,SHORT,LONG,2,3,ENTER
2025-08-01 01:00:00+00:00,SHORT,SHORT,SHORT,SHORT,3,3,ENTER
2025-08-01 12:00:00+00:00,LONG,LONG,LONG,LONG,3,3,ENTER
2025-08-04 00:00:00+00:00,SHORT,SHORT,LONG,SHORT,2,3,ENTER
2025-08-04 11:00:00+00:00,LONG,LONG,SHORT,LONG,2,3,ENTER
2025-08-05 09:00:00+00:00,SHORT,SHORT,SHORT,SHORT,3,3,ENTER
2025-08-05 13:00:00+00:00,LONG,LONG,SHORT,LONG,2,3,ENTER
2025-08-06 09:00:00+00:00,SHORT,SHORT,SHORT,SHORT,3,3,ENTER
2025-08-07 01:00:00+00:00,LONG,LONG,LONG,LONG,3,3,ENTER
2025-08-10 23:00:00+00:00,SHORT,SHORT,LONG,SHORT,2,3,ENTER
2025-08-14 00:00:00+00:00,LONG,LONG,LONG,LONG,3,3,ENTER
2025-08-14 07:00:00+00:00,SHORT,SHORT,LONG,SHORT,2,3,ENTER
2025-08-17 04:00:00+00:00,LONG,LONG,LONG,LONG,3,3,ENTER
2025-08-17 23:00:00+00:00,SHORT,SHORT,SHORT,SHORT,3,3,ENTER
2025-08-18 00:00:00+00:00,LONG,LONG,LONG,LONG,3,3,ENTER
2025-08-18 17:00:00+00:00,SHORT,SHORT,LONG,SHORT,2,3,ENTER
2025-08-20 11:00:00+00:00,LONG,LONG,LONG,LONG,3,3,ENTER
2025-08-21 10:00:00+00:00,SHORT,SHORT,SHORT,SHORT,3,3,ENTER
2025-08-22 14:00:00+00:00,LONG,LONG,LONG,LONG,3,3,ENTER
2025-08-24 20:00:00+00:00,SHORT,SHORT,LONG,SHORT,2,3,ENTER
2025-08-26 00:00:00+00:00,LONG,LONG,SHORT,LONG,2,3,ENTER
2025-09-02 07:00:00+00:00,SHORT,SHORT,LONG,SHORT,2,3,ENTER
2025-09-02 15:00:00+00:00,LONG,LONG,LONG,LONG,3,3,ENTER
2025-09-04 02:00:00+00:00,SHORT,SHORT,SHORT,SHORT,3,3,ENTER
2025-09-05 12:00:00+00:00,LONG,LONG,LONG,LONG,3,3,ENTER
2025-09-08 01:00:00+00:00,SHORT,SHORT,SHORT,SHORT,3,3,ENTER
2025-09-08 07:00:00+00:00,LONG,LONG,SHORT,LONG,2,3,ENTER
2025-09-09 20:00:00+00:00,SHORT,SHORT,SHORT,SHORT,3,3,ENTER
2025-09-12 02:00:00+00:00,LONG,LONG,LONG,LONG,3,3,ENTER
2025-09-13 01:00:00+00:00,SHORT,SHORT,SHORT,SHORT,3,3,ENTER
2025-09-14 05:00:00+00:00,LONG,LONG,LONG,LONG,3,3,ENTER
2025-09-14 23:00:00+00:00,SHORT,SHORT,LONG,SHORT,2,3,ENTER
2025-09-15 12:00:00+00:00,LONG,LONG,LONG,LONG,3,3,ENTER
2025-09-17 07:00:00+00:00,SHORT,SHORT,SHORT,SHORT,3,3,ENTER
2025-09-19 14:00:00+00:00,LONG,LONG,LONG,LONG,3,3,ENTER
2025-09-24 14:00:00+00:00,SHORT,SHORT,SHORT,SHORT,3,3,ENTER
2025-09-26 13:00:00+00:00,LONG,LONG,LONG,LONG,3,3,ENTER
2025-09-28 20:00:00+00:00,SHORT,SHORT,SHORT,SHORT,3,3,ENTER
2025-09-28 22:00:00+00:00,LONG,LONG,SHORT,LONG,2,3,ENTER
2025-09-30 08:00:00+00:00,SHORT,SHORT,LONG,SHORT,2,3,ENTER
2025-09-30 19:00:00+00:00,LONG,LONG,SHORT,LONG,2,3,ENTER
2025-10-02 14:00:00+00:00,SHORT,SHORT,LONG,SHORT,2,3,ENTER
2025-10-03 15:00:00+00:00,LONG,LONG,LONG,LONG,3,3,ENTER
2025-10-09 16:00:00+00:00,SHORT,SHORT,SHORT,SHORT,3,3,ENTER
2025-10-10 19:00:00+00:00,LONG,LONG,LONG,LONG,3,3,ENTER
2025-10-11 01:00:00+00:00,SHORT,SHORT,SHORT,SHORT,3,3,ENTER
2025-10-12 22:00:00+00:00,LONG,LONG,LONG,LONG,3,3,ENTER
2025-10-14 05:00:00+00:00,SHORT,SHORT,LONG,LONG,1,3,FLAT
2025-10-15 01:00:00+00:00,LONG,LONG,LONG,LONG,3,3,ENTER
2025-10-16 22:00:00+00:00,SHORT,LONG,LONG,LONG,0,3,FLAT
2025-10-16 23:00:00+00:00,LONG,LONG,LONG,LONG,3,3,ENTER
2025-10-17 16:00:00+00:00,SHORT,SHORT,SHORT,SHORT,3,3,ENTER
2025-10-20 03:00:00+00:00,LONG,LONG,LONG,LONG,3,3,ENTER
2025-10-21 07:00:00+00:00,SHORT,SHORT,LONG,SHORT,2,3,ENTER
2025-10-24 15:00:00+00:00,LONG,LONG,SHORT,LONG,2,3,ENTER
2025-10-26 22:00:00+00:00,SHORT,SHORT,SHORT,SHORT,3,3,ENTER
2025-10-29 00:00:00+00:00,LONG,LONG,LONG,LONG,3,3,ENTER
2025-10-29 19:00:00+00:00,SHORT,SHORT,SHORT,SHORT,3,3,ENTER
2025-10-30 18:00:00+00:00,LONG,LONG,LONG,LONG,3,3,ENTER
2025-11-02 23:00:00+00:00,SHORT,SHORT,SHORT,SHORT,3,3,ENTER
2025-11-03 02:00:00+00:00,LONG,LONG,SHORT,LONG,2,3,ENTER
2025-11-04 05:00:00+00:00,SHORT,SHORT,SHORT,SHORT,3,3,ENTER
2025-11-05 16:00:00+00:00,LONG,LONG,LONG,LONG,3,3,ENTER
2025-11-06 15:00:00+00:00,SHORT,SHORT,LONG,SHORT,2,3,ENTER
2025-11-09 23:00:00+00:00,LONG,LONG,LONG,LONG,3,3,ENTER
2025-11-11 15:00:00+00:00,SHORT,SHORT,SHORT,SHORT,3,3,ENTER
2025-11-12 15:00:00+00:00,LONG,LONG,LONG,LONG,3,3,ENTER
2025-11-13 18:00:00+00:00,SHORT,SHORT,SHORT,SHORT,3,3,ENTER
2025-11-16 02:00:00+00:00,LONG,LONG,LONG,LONG,3,3,ENTER
2025-11-17 00:00:00+00:00,SHORT,SHORT,SHORT,SHORT,3,3,ENTER
2025-11-18 17:00:00+00:00,LONG,LONG,LONG,LONG,3,3,ENTER
2025-11-19 19:00:00+00:00,SHORT,SHORT,SHORT,SHORT,3,3,ENTER
2025-11-21 16:00:00+00:00,LONG,LONG,LONG,LONG,3,3,ENTER
2025-11-23 14:00:00+00:00,SHORT,SHORT,SHORT,SHORT,3,3,ENTER
2025-11-24 11:00:00+00:00,LONG,LONG,LONG,LONG,3,3,ENTER
2025-12-02 03:00:00+00:00,SHORT,SHORT,SHORT,SHORT,3,3,ENTER
2025-12-03 13:00:00+00:00,LONG,LONG,LONG,LONG,3,3,ENTER
2025-12-04 05:00:00+00:00,SHORT,SHORT,SHORT,SHORT,3,3,ENTER
2025-12-05 05:00:00+00:00,LONG,LONG,LONG,LONG,3,3,ENTER
2025-12-05 18:00:00+00:00,SHORT,SHORT,SHORT,SHORT,3,3,ENTER
2025-12-07 23:00:00+00:00,LONG,LONG,SHORT,LONG,2,3,ENTER
2025-12-08 14:00:00+00:00,SHORT,SHORT,LONG,SHORT,2,3,ENTER
2025-12-09 15:00:00+00:00,LONG,LONG,LONG,LONG,3,3,ENTER
2025-12-12 15:00:00+00:00,SHORT,SHORT,LONG,LONG,1,3,FLAT
2025-12-15 01:00:00+00:00,LONG,LONG,LONG,LONG,3,3,ENTER
2025-12-15 15:00:00+00:00,SHORT,SHORT,LONG,SHORT,2,3,ENTER
2025-12-16 13:00:00+00:00,LONG,LONG,SHORT,LONG,2,3,ENTER
2025-12-23 14:00:00+00:00,SHORT,SHORT,LONG,SHORT,2,3,ENTER
2025-12-23 20:00:00+00:00,LONG,LONG,LONG,LONG,3,3,ENTER
2025-12-24 14:00:00+00:00,SHORT,SHORT,SHORT,SHORT,3,3,ENTER
2025-12-25 23:00:00+00:00,LONG,LONG,LONG,LONG,3,3,ENTER
2025-12-28 13:00:00+00:00,SHORT,SHORT,SHORT,SHORT,3,3,ENTER
2025-12-30 12:00:00+00:00,LONG,LONG,LONG,LONG,3,3,ENTER
2025-12-31 04:00:00+00:00,SHORT,SHORT,SHORT,SHORT,3,3,ENTER
2026-01-01 23:00:00+00:00,LONG,LONG,LONG,LONG,3,3,ENTER
2026-01-02 14:00:00+00:00,SHORT,SHORT,LONG,SHORT,2,3,ENTER
2026-01-03 08:00:00+00:00,LONG,LONG,SHORT,LONG,2,3,ENTER
2026-01-07 05:00:00+00:00,SHORT,SHORT,SHORT,SHORT,3,3,ENTER
2026-01-08 16:00:00+00:00,LONG,LONG,LONG,LONG,3,3,ENTER
2026-01-11 13:00:00+00:00,SHORT,SHORT,LONG,SHORT,2,3,ENTER
2026-01-11 23:00:00+00:00,LONG,LONG,LONG,LONG,3,3,ENTER
2026-01-15 03:00:00+00:00,SHORT,SHORT,SHORT,SHORT,3,3,ENTER
2026-01-18 06:00:00+00:00,LONG,LONG,LONG,LONG,3,3,ENTER
2026-01-21 19:00:00+00:00,SHORT,SHORT,LONG,SHORT,2,3,ENTER
2026-01-22 17:00:00+00:00,LONG,LONG,LONG,LONG,3,3,ENTER
2026-01-26 21:00:00+00:00,SHORT,SHORT,SHORT,SHORT,3,3,ENTER
2026-01-27 20:00:00+00:00,LONG,LONG,LONG,LONG,3,3,ENTER
2026-01-29 15:00:00+00:00,SHORT,SHORT,SHORT,SHORT,3,3,ENTER
2026-02-02 12:00:00+00:00,LONG,LONG,SHORT,LONG,2,3,ENTER
2026-02-04 15:00:00+00:00,SHORT,SHORT,SHORT,SHORT,3,3,ENTER
2026-02-06 05:00:00+00:00,LONG,LONG,SHORT,LONG,2,3,ENTER
2026-02-09 01:00:00+00:00,SHORT,SHORT,LONG,SHORT,2,3,ENTER
2026-02-09 16:00:00+00:00,LONG,LONG,LONG,LONG,3,3,ENTER
2026-02-12 16:00:00+00:00,SHORT,SHORT,SHORT,SHORT,3,3,ENTER
2026-02-13 17:00:00+00:00,LONG,LONG,LONG,LONG,3,3,ENTER
2026-02-15 23:00:00+00:00,SHORT,SHORT,SHORT,SHORT,3,3,ENTER
2026-02-18 13:00:00+00:00,LONG,LONG,LONG,LONG,3,3,ENTER
2026-02-22 03:00:00+00:00,SHORT,SHORT,LONG,SHORT,2,3,ENTER
2026-02-22 14:00:00+00:00,LONG,LONG,LONG,LONG,3,3,ENTER
2026-02-24 01:00:00+00:00,SHORT,SHORT,LONG,SHORT,2,3,ENTER
2026-02-25 05:00:00+00:00,LONG,LONG,LONG,LONG,3,3,ENTER
2026-02-28 20:00:00+00:00,SHORT,SHORT,LONG,SHORT,2,3,ENTER
2026-03-01 23:00:00+00:00,LONG,LONG,LONG,LONG,3,3,ENTER
2026-03-02 14:00:00+00:00,SHORT,SHORT,LONG,SHORT,2,3,ENTER
2026-03-06 18:00:00+00:00,LONG,LONG,LONG,LONG,3,3,ENTER
2026-03-08 21:00:00+00:00,SHORT,SHORT,SHORT,SHORT,3,3,ENTER
2026-03-09 19:00:00+00:00,LONG,LONG,SHORT,LONG,2,3,ENTER
2026-03-11 22:00:00+00:00,SHORT,SHORT,SHORT,SHORT,3,3,ENTER
2026-03-15 22:00:00+00:00,LONG,LONG,SHORT,LONG,2,3,ENTER
2026-03-16 09:00:00+00:00,SHORT,SHORT,SHORT,SHORT,3,3,ENTER
2026-03-20 03:00:00+00:00,LONG,LONG,SHORT,LONG,2,3,ENTER
2026-03-20 14:00:00+00:00,SHORT,SHORT,SHORT,SHORT,3,3,ENTER
2026-03-22 18:00:00+00:00,LONG,LONG,SHORT,LONG,2,3,ENTER
2026-03-23 00:00:00+00:00,SHORT,SHORT,SHORT,SHORT,3,3,ENTER
2026-03-23 11:00:00+00:00,LONG,LONG,SHORT,LONG,2,3,ENTER
2026-03-26 05:00:00+00:00,SHORT,SHORT,SHORT,SHORT,3,3,ENTER
2026-03-27 14:00:00+00:00,LONG,LONG,LONG,LONG,3,3,ENTER
2026-03-29 22:00:00+00:00,SHORT,SHORT,LONG,SHORT,2,3,ENTER
2026-03-30 03:00:00+00:00,LONG,LONG,SHORT,LONG,2,3,ENTER
2026-04-02 01:00:00+00:00,SHORT,SHORT,LONG,SHORT,2,3,ENTER
2026-04-06 04:00:00+00:00,LONG,LONG,SHORT,LONG,2,3,ENTER
2026-04-07 01:00:00+00:00,SHORT,SHORT,SHORT,SHORT,3,3,ENTER
2026-04-07 19:00:00+00:00,LONG,LONG,LONG,LONG,3,3,ENTER
2026-04-08 18:00:00+00:00,SHORT,SHORT,SHORT,SHORT,3,3,ENTER
2026-04-09 15:00:00+00:00,LONG,LONG,LONG,LONG,3,3,ENTER
2026-04-12 01:00:00+00:00,SHORT,SHORT,SHORT,SHORT,3,3,ENTER
2026-04-13 01:00:00+00:00,LONG,LONG,SHORT,LONG,2,3,ENTER
2026-04-15 20:00:00+00:00,SHORT,SHORT,SHORT,SHORT,3,3,ENTER
2026-04-17 12:00:00+00:00,LONG,LONG,LONG,LONG,3,3,ENTER
2026-04-18 12:00:00+00:00,SHORT,SHORT,SHORT,SHORT,3,3,ENTER
2026-04-20 01:00:00+00:00,LONG,LONG,SHORT,LONG,2,3,ENTER
2026-04-21 06:00:00+00:00,SHORT,SHORT,SHORT,SHORT,3,3,ENTER
2026-04-24 14:00:00+00:00,LONG,LONG,LONG,LONG,3,3,ENTER
2026-04-26 22:00:00+00:00,SHORT,SHORT,SHORT,SHORT,3,3,ENTER
2026-04-27 02:00:00+00:00,LONG,LONG,SHORT,LONG,2,3,ENTER
2026-04-27 14:00:00+00:00,SHORT,SHORT,SHORT,SHORT,3,3,ENTER
2026-04-30 07:00:00+00:00,LONG,LONG,LONG,LONG,3,3,ENTER
2026-05-01 07:00:00+00:00,SHORT,SHORT,SHORT,SHORT,3,3,ENTER
2026-05-01 13:00:00+00:00,LONG,LONG,SHORT,LONG,2,3,ENTER
2026-05-03 22:00:00+00:00,SHORT,SHORT,LONG,LONG,1,3,FLAT
2026-05-05 13:00:00+00:00,LONG,LONG,LONG,LONG,3,3,ENTER
2026-05-07 20:00:00+00:00,SHORT,SHORT,SHORT,SHORT,3,3,ENTER
2026-05-09 21:00:00+00:00,LONG,LONG,LONG,LONG,3,3,ENTER
2026-05-10 20:00:00+00:00,SHORT,SHORT,LONG,SHORT,2,3,ENTER
2026-05-11 13:00:00+00:00,LONG,LONG,LONG,LONG,3,3,ENTER
2026-05-12 06:00:00+00:00,SHORT,SHORT,LONG,SHORT,2,3,ENTER
2026-05-17 15:00:00+00:00,LONG,LONG,LONG,LONG,3,3,ENTER
2026-05-17 20:00:00+00:00,SHORT,SHORT,LONG,SHORT,2,3,ENTER
2026-05-17 22:00:00+00:00,LONG,LONG,LONG,LONG,3,3,ENTER
2026-05-18 00:00:00+00:00,SHORT,SHORT,SHORT,SHORT,3,3,ENTER
2026-05-18 12:00:00+00:00,LONG,LONG,LONG,LONG,3,3,ENTER
2026-05-19 13:00:00+00:00,SHORT,SHORT,SHORT,SHORT,3,3,ENTER
2026-05-20 14:00:00+00:00,LONG,LONG,LONG,LONG,3,3,ENTER
2026-05-21 12:00:00+00:00,SHORT,SHORT,SHORT,SHORT,3,3,ENTER
2026-05-23 20:00:00+00:00,LONG,LONG,LONG,LONG,3,3,ENTER
2026-05-24 14:00:00+00:00,SHORT,SHORT,LONG,SHORT,2,3,ENTER
2026-05-24 22:00:00+00:00,LONG,LONG,SHORT,LONG,2,3,ENTER
2026-05-26 01:00:00+00:00,SHORT,SHORT,SHORT,SHORT,3,3,ENTER
2026-05-28 14:00:00+00:00,LONG,LONG,LONG,LONG,3,3,ENTER
2026-06-01 01:00:00+00:00,SHORT,SHORT,LONG,SHORT,2,3,ENTER
2026-06-02 04:00:00+00:00,LONG,LONG,LONG,LONG,3,3,ENTER
2026-06-02 17:00:00+00:00,SHORT,SHORT,LONG,SHORT,2,3,ENTER
2026-06-04 11:00:00+00:00,LONG,LONG,LONG,LONG,3,3,ENTER
2026-06-05 01:00:00+00:00,SHORT,SHORT,SHORT,SHORT,3,3,ENTER
2026-06-07 06:00:00+00:00,LONG,LONG,LONG,LONG,3,3,ENTER
2026-06-08 02:00:00+00:00,SHORT,SHORT,LONG,SHORT,2,3,ENTER
2026-06-09 05:00:00+00:00,LONG,LONG,LONG,LONG,3,3,ENTER
2026-06-09 15:00:00+00:00,SHORT,SHORT,SHORT,SHORT,3,3,ENTER
2026-06-11 17:00:00+00:00,LONG,LONG,LONG,LONG,3,3,ENTER
2026-06-15 20:00:00+00:00,SHORT,SHORT,LONG,SHORT,2,3,ENTER
2026-06-16 12:00:00+00:00,LONG,LONG,LONG,LONG,3,3,ENTER
2026-06-17 18:00:00+00:00,SHORT,SHORT,SHORT,SHORT,3,3,ENTER
2026-06-22 00:00:00+00:00,LONG,LONG,LONG,LONG,3,3,ENTER
2026-06-23 01:00:00+00:00,SHORT,SHORT,SHORT,SHORT,3,3,ENTER
2026-06-26 09:00:00+00:00,LONG,LONG,LONG,LONG,3,3,ENTER
2026-06-28 22:00:00+00:00,SHORT,SHORT,SHORT,SHORT,3,3,ENTER
2026-06-30 06:00:00+00:00,LONG,LONG,SHORT,LONG,2,3,ENTER
