trade_no,side,entry_time,exit_time,entry_price,exit_price,quantity,exit_reason,votes_for,votes_total,gross_pnl,fee_usd,net_pnl
1,LONG,2025-03-30 12:00:00+00:00,2025-03-30 21:00:00+00:00,3127.99,3112.72,0.639388,REVERSE_SIGNAL,2,3,-9.7635,1.3966,-11.16
2,SHORT,2025-03-30 21:00:00+00:00,2025-03-31 07:00:00+00:00,3112.72,3141.33,0.642525,REVERSE_SIGNAL,2,3,-18.3826,1.4064,-19.7891
3,LONG,2025-03-31 07:00:00+00:00,2025-04-01 16:00:00+00:00,3141.33,3133.78,0.636673,REVERSE_SIGNAL,2,3,-4.8069,1.3983,-6.2052
4,SHORT,2025-04-01 16:00:00+00:00,2025-04-03 00:00:00+00:00,3133.78,3187.99,0.638207,REVERSE_SIGNAL,3,3,-34.5972,1.4121,-36.0093
5,LONG,2025-04-03 00:00:00+00:00,2025-04-03 11:00:00+00:00,3187.99,3109.52,0.627355,REVERSE_SIGNAL,3,3,-49.2285,1.3828,-50.6113
6,SHORT,2025-04-03 11:00:00+00:00,2025-04-07 03:00:00+00:00,3109.52,3048.37,0.643186,REVERSE_SIGNAL,3,3,39.3308,1.3862,37.9446
7,LONG,2025-04-07 03:00:00+00:00,2025-04-07 17:00:00+00:00,3048.37,2995.23,0.656088,REVERSE_SIGNAL,2,3,-34.8645,1.3878,-36.2523
8,SHORT,2025-04-07 17:00:00+00:00,2025-04-09 07:00:00+00:00,2995.23,3053.79,0.667728,REVERSE_SIGNAL,3,3,-39.1022,1.4137,-40.5159
9,LONG,2025-04-09 07:00:00+00:00,2025-04-12 14:00:00+00:00,3053.79,3246.51,0.654924,REVERSE_SIGNAL,3,3,126.2169,1.4442,124.7728
10,SHORT,2025-04-12 14:00:00+00:00,2025-04-13 16:00:00+00:00,3246.51,3263.85,0.616046,REVERSE_SIGNAL,3,3,-10.6822,1.4037,-12.086
11,LONG,2025-04-13 16:00:00+00:00,2025-04-14 11:00:00+00:00,3263.85,3232.44,0.612773,REVERSE_SIGNAL,2,3,-19.2472,1.3933,-20.6405
12,SHORT,2025-04-14 11:00:00+00:00,2025-04-16 00:00:00+00:00,3232.44,3265.71,0.618728,REVERSE_SIGNAL,3,3,-20.5851,1.4072,-21.9923
13,LONG,2025-04-16 00:00:00+00:00,2025-04-17 14:00:00+00:00,3265.71,3333.66,0.612424,REVERSE_SIGNAL,3,3,41.6142,1.4146,40.1997
14,SHORT,2025-04-17 14:00:00+00:00,2025-04-20 23:00:00+00:00,3333.66,3362.14,0.599941,REVERSE_SIGNAL,3,3,-17.0863,1.406,-18.4923
15,LONG,2025-04-20 23:00:00+00:00,2025-04-22 09:00:00+00:00,3362.14,3458.77,0.594859,REVERSE_SIGNAL,3,3,57.4812,1.4201,56.0611
16,SHORT,2025-04-22 09:00:00+00:00,2025-04-24 02:00:00+00:00,3458.77,3371.62,0.57824,REVERSE_SIGNAL,2,3,50.3936,1.3824,49.0113
17,LONG,2025-04-24 02:00:00+00:00,2025-04-25 06:00:00+00:00,3371.62,3307.03,0.593187,REVERSE_SIGNAL,3,3,-38.3139,1.3866,-39.7005
18,SHORT,2025-04-25 06:00:00+00:00,2025-04-28 15:00:00+00:00,3307.03,3330.3,0.604772,REVERSE_SIGNAL,3,3,-14.0731,1.4049,-15.478
19,LONG,2025-04-28 15:00:00+00:00,2025-04-30 02:00:00+00:00,3330.3,3308.87,0.600546,REVERSE_SIGNAL,3,3,-12.8697,1.3955,-14.2652
20,SHORT,2025-04-30 02:00:00+00:00,2025-04-30 14:00:00+00:00,3308.87,3315.4,0.604436,REVERSE_SIGNAL,3,3,-3.947,1.4014,-5.3483
21,LONG,2025-04-30 14:00:00+00:00,2025-04-30 23:00:00+00:00,3315.4,3281.64,0.603245,REVERSE_SIGNAL,2,3,-20.3656,1.3929,-21.7584
22,SHORT,2025-04-30 23:00:00+00:00,2025-05-02 08:00:00+00:00,3281.64,3274.99,0.609451,REVERSE_SIGNAL,3,3,4.0529,1.3986,2.6543
23,LONG,2025-05-02 08:00:00+00:00,2025-05-02 17:00:00+00:00,3274.99,3241.05,0.610689,REVERSE_SIGNAL,3,3,-20.7268,1.3927,-22.1195
24,SHORT,2025-05-02 17:00:00+00:00,2025-05-05 02:00:00+00:00,3241.05,3279.22,0.617084,REVERSE_SIGNAL,2,3,-23.5541,1.4082,-24.9623
25,LONG,2025-05-05 02:00:00+00:00,2025-05-06 23:00:00+00:00,3279.22,3390.5,0.609901,REVERSE_SIGNAL,3,3,67.8698,1.4238,66.446
26,SHORT,2025-05-06 23:00:00+00:00,2025-05-08 02:00:00+00:00,3390.5,3415.58,0.589883,REVERSE_SIGNAL,2,3,-14.7943,1.4052,-16.1995
27,LONG,2025-05-08 02:00:00+00:00,2025-05-08 06:00:00+00:00,3415.58,3358.61,0.585552,REVERSE_SIGNAL,2,3,-33.3589,1.3883,-34.7472
28,SHORT,2025-05-08 06:00:00+00:00,2025-05-15 11:00:00+00:00,3358.61,3190.83,0.595484,REVERSE_SIGNAL,3,3,99.9104,1.365,98.5453
29,LONG,2025-05-15 11:00:00+00:00,2025-05-16 11:00:00+00:00,3190.83,3185.45,0.626796,REVERSE_SIGNAL,2,3,-3.3722,1.3988,-4.771
30,SHORT,2025-05-16 11:00:00+00:00,2025-05-18 05:00:00+00:00,3185.45,3234.55,0.627855,REVERSE_SIGNAL,3,3,-30.8277,1.4108,-32.2385
31,LONG,2025-05-18 05:00:00+00:00,2025-05-20 03:00:00+00:00,3234.55,3219.2,0.618324,REVERSE_SIGNAL,3,3,-9.4913,1.3967,-10.888
32,SHORT,2025-05-20 03:00:00+00:00,2025-05-20 09:00:00+00:00,3219.2,3252.81,0.621272,REVERSE_SIGNAL,3,3,-20.881,1.4073,-22.2883
33,LONG,2025-05-20 09:00:00+00:00,2025-05-22 10:00:00+00:00,3252.81,3307.62,0.614853,REVERSE_SIGNAL,2,3,33.7001,1.4118,32.2883
34,SHORT,2025-05-22 10:00:00+00:00,2025-05-23 12:00:00+00:00,3307.62,3348.27,0.604664,REVERSE_SIGNAL,3,3,-24.5796,1.4086,-25.9882
35,LONG,2025-05-23 12:00:00+00:00,2025-05-25 23:00:00+00:00,3348.27,3347.56,0.597323,REVERSE_SIGNAL,3,3,-0.4241,1.3999,-1.824
36,SHORT,2025-05-25 23:00:00+00:00,2025-05-28 10:00:00+00:00,3347.56,3334.13,0.59745,REVERSE_SIGNAL,3,3,8.0238,1.3972,6.6266
37,LONG,2025-05-28 10:00:00+00:00,2025-05-28 21:00:00+00:00,3334.13,3297.66,0.599857,REVERSE_SIGNAL,3,3,-21.8768,1.3923,-23.2691
38,SHORT,2025-05-28 21:00:00+00:00,2025-05-29 12:00:00+00:00,3297.66,3311.62,0.606491,REVERSE_SIGNAL,3,3,-8.4666,1.403,-9.8696
39,LONG,2025-05-29 12:00:00+00:00,2025-05-30 14:00:00+00:00,3311.62,3290.08,0.603934,REVERSE_SIGNAL,2,3,-13.0087,1.3954,-14.4042
40,SHORT,2025-05-30 14:00:00+00:00,2025-06-01 19:00:00+00:00,3290.08,3310.0,0.607888,REVERSE_SIGNAL,3,3,-12.1091,1.4042,-13.5134
41,LONG,2025-06-01 19:00:00+00:00,2025-06-03 04:00:00+00:00,3310.0,3368.44,0.60423,REVERSE_SIGNAL,3,3,35.3112,1.4124,33.8988
42,SHORT,2025-06-03 04:00:00+00:00,2025-06-04 15:00:00+00:00,3368.44,3387.21,0.593747,REVERSE_SIGNAL,2,3,-11.1446,1.4039,-12.5485
43,LONG,2025-06-04 15:00:00+00:00,2025-06-05 16:00:00+00:00,3387.21,3362.4,0.590456,REVERSE_SIGNAL,2,3,-14.6492,1.3949,-16.0441
44,SHORT,2025-06-05 16:00:00+00:00,2025-06-09 00:00:00+00:00,3362.4,3339.5,0.594813,REVERSE_SIGNAL,3,3,13.6212,1.3952,12.226
45,LONG,2025-06-09 00:00:00+00:00,2025-06-09 01:00:00+00:00,3339.5,3324.75,0.598892,REVERSE_SIGNAL,3,3,-8.8337,1.3969,-10.2306
46,SHORT,2025-06-09 01:00:00+00:00,2025-06-09 07:00:00+00:00,3324.75,3342.86,0.601549,REVERSE_SIGNAL,3,3,-10.8941,1.4038,-12.2979
47,LONG,2025-06-09 07:00:00+00:00,2025-06-10 02:00:00+00:00,3342.86,3325.0,0.59829,REVERSE_SIGNAL,3,3,-10.6855,1.3963,-12.0817
48,SHORT,2025-06-10 02:00:00+00:00,2025-06-10 11:00:00+00:00,3325.0,3349.21,0.601504,REVERSE_SIGNAL,3,3,-14.5624,1.4051,-15.9675
49,LONG,2025-06-10 11:00:00+00:00,2025-06-16 03:00:00+00:00,3349.21,3464.41,0.597156,REVERSE_SIGNAL,3,3,68.7923,1.4241,67.3683
50,SHORT,2025-06-16 03:00:00+00:00,2025-06-20 22:00:00+00:00,3464.41,3394.19,0.577299,REVERSE_SIGNAL,3,3,40.5379,1.3858,39.1521
51,LONG,2025-06-20 22:00:00+00:00,2025-06-22 23:00:00+00:00,3394.19,3412.54,0.589242,REVERSE_SIGNAL,3,3,10.8126,1.4038,9.4088
52,SHORT,2025-06-22 23:00:00+00:00,2025-06-26 00:00:00+00:00,3412.54,3352.32,0.586074,REVERSE_SIGNAL,2,3,35.2934,1.3876,33.9057
53,LONG,2025-06-26 00:00:00+00:00,2025-06-26 13:00:00+00:00,3352.32,3335.18,0.596602,REVERSE_SIGNAL,3,3,-10.2258,1.3964,-11.6222
54,SHORT,2025-06-26 13:00:00+00:00,2025-06-30 03:00:00+00:00,3335.18,3291.19,0.599668,REVERSE_SIGNAL,3,3,26.3794,1.3908,24.9886
55,LONG,2025-06-30 03:00:00+00:00,2025-07-02 07:00:00+00:00,3291.19,3337.12,0.607683,REVERSE_SIGNAL,2,3,27.9109,1.4098,26.5011
56,SHORT,2025-07-02 07:00:00+00:00,2025-07-02 20:00:00+00:00,3337.12,3359.27,0.599319,REVERSE_SIGNAL,3,3,-13.2749,1.4046,-14.6796
57,LONG,2025-07-02 20:00:00+00:00,2025-07-03 13:00:00+00:00,3359.27,3328.5,0.595367,REVERSE_SIGNAL,3,3,-18.3195,1.3936,-19.713
58,SHORT,2025-07-03 13:00:00+00:00,2025-07-06 09:00:00+00:00,3328.5,3346.81,0.600871,REVERSE_SIGNAL,3,3,-11.002,1.4039,-12.4058
59,LONG,2025-07-06 09:00:00+00:00,2025-07-06 16:00:00+00:00,3346.81,3339.64,0.597584,REVERSE_SIGNAL,2,3,-4.2847,1.3985,-5.6832
60,SHORT,2025-07-06 16:00:00+00:00,2025-07-07 18:00:00+00:00,3339.64,3336.2,0.598867,REVERSE_SIGNAL,3,3,2.0601,1.3993,0.6608
61,LONG,2025-07-07 18:00:00+00:00,2025-07-08 14:00:00+00:00,3336.2,3318.82,0.599484,REVERSE_SIGNAL,2,3,-10.419,1.3964,-11.8154
62,SHORT,2025-07-08 14:00:00+00:00,2025-07-09 15:00:00+00:00,3318.82,3316.99,0.602624,REVERSE_SIGNAL,3,3,1.1028,1.3996,-0.2968
63,LONG,2025-07-09 15:00:00+00:00,2025-07-15 16:00:00+00:00,3316.99,3337.31,0.602956,REVERSE_SIGNAL,2,3,12.2521,1.4043,10.8478
64,SHORT,2025-07-15 16:00:00+00:00,2025-07-16 17:00:00+00:00,3337.31,3354.11,0.599285,REVERSE_SIGNAL,3,3,-10.068,1.4035,-11.4715
65,LONG,2025-07-16 17:00:00+00:00,2025-07-17 13:00:00+00:00,3354.11,3323.0,0.596283,REVERSE_SIGNAL,3,3,-18.5504,1.3935,-19.9439
66,SHORT,2025-07-17 13:00:00+00:00,2025-07-18 08:00:00+00:00,3323.0,3350.64,0.601866,REVERSE_SIGNAL,3,3,-16.6356,1.4058,-18.0414
67,LONG,2025-07-18 08:00:00+00:00,2025-07-20 10:00:00+00:00,3350.64,3354.34,0.596901,REVERSE_SIGNAL,3,3,2.2085,1.4008,0.8078
68,SHORT,2025-07-20 10:00:00+00:00,2025-07-21 02:00:00+00:00,3354.34,3361.55,0.596242,REVERSE_SIGNAL,3,3,-4.2989,1.4015,-5.7004
69,LONG,2025-07-21 02:00:00+00:00,2025-07-23 14:00:00+00:00,3361.55,3413.16,0.594964,REVERSE_SIGNAL,3,3,30.7061,1.4107,29.2953
70,SHORT,2025-07-23 14:00:00+00:00,2025-07-31 09:00:00+00:00,3413.16,3316.15,0.585967,REVERSE_SIGNAL,3,3,56.8447,1.3801,55.4646
71,LONG,2025-07-31 09:00:00+00:00,2025-08-01 02:00:00+00:00,3316.15,3289.94,0.603109,REVERSE_SIGNAL,2,3,-15.8075,1.3945,-17.202
72,SHORT,2025-08-01 02:00:00+00:00,2025-08-01 13:00:00+00:00,3289.94,3341.0,0.607914,REVERSE_SIGNAL,3,3,-31.0401,1.4109,-32.4509
73,LONG,2025-08-01 13:00:00+00:00,2025-08-04 01:00:00+00:00,3341.0,3352.48,0.598623,REVERSE_SIGNAL,3,3,6.8722,1.4024,5.4698
74,SHORT,2025-08-04 01:00:00+00:00,2025-08-04 12:00:00+00:00,3352.48,3370.69,0.596573,REVERSE_SIGNAL,2,3,-10.8636,1.4038,-12.2674
75,LONG,2025-08-04 12:00:00+00:00,2025-08-05 10:00:00+00:00,3370.69,3360.54,0.59335,REVERSE_SIGNAL,2,3,-6.0225,1.3979,-7.4204
76,SHORT,2025-08-05 10:00:00+00:00,2025-08-05 14:00:00+00:00,3360.54,3373.4,0.595142,REVERSE_SIGNAL,3,3,-7.6535,1.4027,-9.0562
77,LONG,2025-08-05 14:00:00+00:00,2025-08-06 10:00:00+00:00,3373.4,3361.79,0.592874,REVERSE_SIGNAL,2,3,-6.8833,1.3976,-8.2809
78,SHORT,2025-08-06 10:00:00+00:00,2025-08-07 02:00:00+00:00,3361.79,3381.72,0.594921,REVERSE_SIGNAL,3,3,-11.8568,1.4041,-13.2609
79,LONG,2025-08-07 02:00:00+00:00,2025-08-11 00:00:00+00:00,3381.72,3381.76,0.591415,REVERSE_SIGNAL,3,3,0.0237,1.4,-1.3764
80,SHORT,2025-08-11 00:00:00+00:00,2025-08-14 01:00:00+00:00,3381.76,3357.7,0.591408,REVERSE_SIGNAL,2,3,14.2293,1.395,12.8343
81,LONG,2025-08-14 01:00:00+00:00,2025-08-14 08:00:00+00:00,3357.7,3340.46,0.595646,REVERSE_SIGNAL,3,3,-10.2689,1.3964,-11.6653
82,SHORT,2025-08-14 08:00:00+00:00,2025-08-17 05:00:00+00:00,3340.46,3331.78,0.59872,REVERSE_SIGNAL,2,3,5.1969,1.3982,3.7987
83,LONG,2025-08-17 05:00:00+00:00,2025-08-18 00:00:00+00:00,3331.78,3322.47,0.60028,REVERSE_SIGNAL,3,3,-5.5886,1.398,-6.9866
84,SHORT,2025-08-18 00:00:00+00:00,2025-08-18 01:00:00+00:00,3322.47,3333.77,0.601962,REVERSE_SIGNAL,3,3,-6.8022,1.4024,-8.2045
85,LONG,2025-08-18 01:00:00+00:00,2025-08-18 18:00:00+00:00,3333.77,3328.8,0.599921,REVERSE_SIGNAL,3,3,-2.9816,1.399,-4.3806
86,SHORT,2025-08-18 18:00:00+00:00,2025-08-20 12:00:00+00:00,3328.8,3322.79,0.600817,REVERSE_SIGNAL,2,3,3.6109,1.3987,2.2122
87,LONG,2025-08-20 12:00:00+00:00,2025-08-21 11:00:00+00:00,3322.79,3322.84,0.601904,REVERSE_SIGNAL,3,3,0.0301,1.4,-1.3699
88,SHORT,2025-08-21 11:00:00+00:00,2025-08-22 15:00:00+00:00,3322.84,3358.92,0.601895,REVERSE_SIGNAL,3,3,-21.7164,1.4076,-23.124
89,LONG,2025-08-22 15:00:00+00:00,2025-08-24 21:00:00+00:00,3358.92,3355.78,0.595429,REVERSE_SIGNAL,3,3,-1.8696,1.3993,-3.269
90,SHORT,2025-08-24 21:00:00+00:00,2025-08-26 01:00:00+00:00,3355.78,3365.39,0.595987,REVERSE_SIGNAL,2,3,-5.7274,1.402,-7.1294
91,LONG,2025-08-26 01:00:00+00:00,2025-09-02 08:00:00+00:00,3365.39,3492.02,0.594285,REVERSE_SIGNAL,2,3,75.2543,1.4263,73.8279
92,SHORT,2025-09-02 08:00:00+00:00,2025-09-02 16:00:00+00:00,3492.02,3533.42,0.572734,REVERSE_SIGNAL,2,3,-23.7112,1.4083,-25.1195
93,LONG,2025-09-02 16:00:00+00:00,2025-09-04 03:00:00+00:00,3533.42,3542.92,0.566024,REVERSE_SIGNAL,3,3,5.3772,1.4019,3.9753
94,SHORT,2025-09-04 03:00:00+00:00,2025-09-05 13:00:00+00:00,3542.92,3579.89,0.564506,REVERSE_SIGNAL,3,3,-20.8698,1.4073,-22.2771
95,LONG,2025-09-05 13:00:00+00:00,2025-09-08 02:00:00+00:00,3579.89,3598.4,0.558676,REVERSE_SIGNAL,3,3,10.3411,1.4036,8.9375
96,SHORT,2025-09-08 02:00:00+00:00,2025-09-08 08:00:00+00:00,3598.4,3618.6,0.555803,REVERSE_SIGNAL,3,3,-11.2272,1.4039,-12.6311
97,LONG,2025-09-08 08:00:00+00:00,2025-09-09 21:00:00+00:00,3618.6,3637.55,0.5527,REVERSE_SIGNAL,2,3,10.4737,1.4037,9.07
98,SHORT,2025-09-09 21:00:00+00:00,2025-09-12 03:00:00+00:00,3637.55,3644.0,0.549821,REVERSE_SIGNAL,3,3,-3.5463,1.4012,-4.9476
99,LONG,2025-09-12 03:00:00+00:00,2025-09-13 02:00:00+00:00,3644.0,3630.22,0.548847,REVERSE_SIGNAL,3,3,-7.5631,1.3974,-8.9605
100,SHORT,2025-09-13 02:00:00+00:00,2025-09-14 06:00:00+00:00,3630.22,3646.94,0.550931,REVERSE_SIGNAL,3,3,-9.2116,1.4032,-10.6148
101,LONG,2025-09-14 06:00:00+00:00,2025-09-15 00:00:00+00:00,3646.94,3642.44,0.548405,REVERSE_SIGNAL,3,3,-2.4678,1.3991,-3.867
102,SHORT,2025-09-15 00:00:00+00:00,2025-09-15 13:00:00+00:00,3642.44,3656.66,0.549082,REVERSE_SIGNAL,2,3,-7.808,1.4027,-9.2107
103,LONG,2025-09-15 13:00:00+00:00,2025-09-17 08:00:00+00:00,3656.66,3677.27,0.546947,REVERSE_SIGNAL,3,3,11.2726,1.4039,9.8686
104,SHORT,2025-09-17 08:00:00+00:00,2025-09-19 15:00:00+00:00,3677.27,3669.88,0.543882,REVERSE_SIGNAL,3,3,4.0193,1.3986,2.6207
105,LONG,2025-09-19 15:00:00+00:00,2025-09-24 15:00:00+00:00,3669.88,3758.8,0.544977,REVERSE_SIGNAL,3,3,48.4594,1.417,47.0424
106,SHORT,2025-09-24 15:00:00+00:00,2025-09-26 14:00:00+00:00,3758.8,3769.85,0.532085,REVERSE_SIGNAL,3,3,-5.8795,1.4021,-7.2816
107,LONG,2025-09-26 14:00:00+00:00,2025-09-28 21:00:00+00:00,3769.85,3766.0,0.530525,REVERSE_SIGNAL,3,3,-2.0425,1.3993,-3.4418
108,SHORT,2025-09-28 21:00:00+00:00,2025-09-28 23:00:00+00:00,3766.0,3776.05,0.531067,REVERSE_SIGNAL,3,3,-5.3372,1.4019,-6.7391
109,LONG,2025-09-28 23:00:00+00:00,2025-09-30 09:00:00+00:00,3776.05,3828.01,0.529654,REVERSE_SIGNAL,2,3,27.5208,1.4096,26.1112
110,SHORT,2025-09-30 09:00:00+00:00,2025-09-30 20:00:00+00:00,3828.01,3868.55,0.522465,REVERSE_SIGNAL,2,3,-21.1807,1.4074,-22.5881
111,LONG,2025-09-30 20:00:00+00:00,2025-10-02 15:00:00+00:00,3868.55,3849.0,0.51699,REVERSE_SIGNAL,2,3,-10.1071,1.3965,-11.5036
112,SHORT,2025-10-02 15:00:00+00:00,2025-10-03 16:00:00+00:00,3849.0,3888.4,0.519615,REVERSE_SIGNAL,2,3,-20.4729,1.4072,-21.88
113,LONG,2025-10-03 16:00:00+00:00,2025-10-09 17:00:00+00:00,3888.4,3981.65,0.51435,REVERSE_SIGNAL,3,3,47.9632,1.4168,46.5464
114,SHORT,2025-10-09 17:00:00+00:00,2025-10-10 20:00:00+00:00,3981.65,4023.56,0.502304,REVERSE_SIGNAL,3,3,-21.0516,1.4074,-22.4589
115,LONG,2025-10-10 20:00:00+00:00,2025-10-11 02:00:00+00:00,4023.56,3961.73,0.497072,REVERSE_SIGNAL,3,3,-30.734,1.3892,-32.1232
116,SHORT,2025-10-11 02:00:00+00:00,2025-10-12 23:00:00+00:00,3961.73,4043.52,0.50483,REVERSE_SIGNAL,3,3,-41.29,1.4145,-42.7045
117,LONG,2025-10-12 23:00:00+00:00,2025-10-14 06:00:00+00:00,4043.52,4129.03,0.494619,REVERSE_SIGNAL,3,3,42.2948,1.4148,40.88
118,LONG,2025-10-15 02:00:00+00:00,2025-10-16 23:00:00+00:00,4195.86,4403.58,0.47666,REVERSE_SIGNAL,3,3,99.0119,1.4347,97.5772
119,LONG,2025-10-17 00:00:00+00:00,2025-10-17 17:00:00+00:00,4437.76,4209.98,0.450678,REVERSE_SIGNAL,3,3,-102.6554,1.3641,-104.0195
120,SHORT,2025-10-17 17:00:00+00:00,2025-10-20 04:00:00+00:00,4209.98,4259.57,0.475062,REVERSE_SIGNAL,3,3,-23.5583,1.4082,-24.9666
121,LONG,2025-10-20 04:00:00+00:00,2025-10-21 08:00:00+00:00,4259.57,4297.82,0.469531,REVERSE_SIGNAL,3,3,17.9596,1.4063,16.5533
122,SHORT,2025-10-21 08:00:00+00:00,2025-10-24 16:00:00+00:00,4297.82,4121.31,0.465352,REVERSE_SIGNAL,2,3,82.1393,1.3713,80.7681
123,LONG,2025-10-24 16:00:00+00:00,2025-10-26 23:00:00+00:00,4121.31,4074.07,0.485283,REVERSE_SIGNAL,2,3,-22.9247,1.392,-24.3167
124,SHORT,2025-10-26 23:00:00+00:00,2025-10-29 01:00:00+00:00,4074.07,3979.43,0.49091,REVERSE_SIGNAL,3,3,46.4597,1.3837,45.0759
125,LONG,2025-10-29 01:00:00+00:00,2025-10-29 20:00:00+00:00,3979.43,3947.86,0.502585,REVERSE_SIGNAL,3,3,-15.8666,1.3944,-17.261
126,SHORT,2025-10-29 20:00:00+00:00,2025-10-30 19:00:00+00:00,3947.86,4009.21,0.506604,REVERSE_SIGNAL,3,3,-31.0801,1.4109,-32.491
127,LONG,2025-10-30 19:00:00+00:00,2025-11-03 00:00:00+00:00,4009.21,3976.64,0.498851,REVERSE_SIGNAL,3,3,-16.2476,1.3943,-17.6419
128,SHORT,2025-11-03 00:00:00+00:00,2025-11-03 03:00:00+00:00,3976.64,3999.87,0.502937,REVERSE_SIGNAL,3,3,-11.6832,1.4041,-13.0873
129,LONG,2025-11-03 03:00:00+00:00,2025-11-04 06:00:00+00:00,3999.87,3965.07,0.500016,REVERSE_SIGNAL,2,3,-17.4006,1.3939,-18.7945
130,SHORT,2025-11-04 06:00:00+00:00,2025-11-05 17:00:00+00:00,3965.07,3980.43,0.504405,REVERSE_SIGNAL,3,3,-7.7477,1.4027,-9.1504
131,LONG,2025-11-05 17:00:00+00:00,2025-11-06 16:00:00+00:00,3980.43,3972.5,0.502458,REVERSE_SIGNAL,3,3,-3.9845,1.3986,-5.3831
132,SHORT,2025-11-06 16:00:00+00:00,2025-11-10 00:00:00+00:00,3972.5,4003.24,0.503461,REVERSE_SIGNAL,2,3,-15.4764,1.4054,-16.8818
133,LONG,2025-11-10 00:00:00+00:00,2025-11-11 16:00:00+00:00,4003.24,4093.66,0.499595,REVERSE_SIGNAL,3,3,45.1734,1.4158,43.7576
134,SHORT,2025-11-11 16:00:00+00:00,2025-11-12 16:00:00+00:00,4093.66,4169.39,0.48856,REVERSE_SIGNAL,3,3,-36.9987,1.4129,-38.4116
135,LONG,2025-11-12 16:00:00+00:00,2025-11-13 19:00:00+00:00,4169.39,4143.78,0.479686,REVERSE_SIGNAL,3,3,-12.2848,1.3957,-13.6805
136,SHORT,2025-11-13 19:00:00+00:00,2025-11-16 03:00:00+00:00,4143.78,4106.27,0.482651,REVERSE_SIGNAL,3,3,18.1042,1.3937,16.7106
137,LONG,2025-11-16 03:00:00+00:00,2025-11-17 01:00:00+00:00,4106.27,4076.72,0.48706,REVERSE_SIGNAL,3,3,-14.3926,1.395,-15.7876
138,SHORT,2025-11-17 01:00:00+00:00,2025-11-18 18:00:00+00:00,4076.72,4061.8,0.49059,REVERSE_SIGNAL,3,3,7.3196,1.3974,5.9222
139,LONG,2025-11-18 18:00:00+00:00,2025-11-19 20:00:00+00:00,4061.8,4062.6,0.492393,REVERSE_SIGNAL,3,3,0.3939,1.4001,-1.0062
140,SHORT,2025-11-19 20:00:00+00:00,2025-11-21 17:00:00+00:00,4062.6,4097.44,0.492296,REVERSE_SIGNAL,3,3,-17.1516,1.406,-18.5576
141,LONG,2025-11-21 17:00:00+00:00,2025-11-23 15:00:00+00:00,4097.44,4041.01,0.48811,REVERSE_SIGNAL,3,3,-27.544,1.3904,-28.9344
142,SHORT,2025-11-23 15:00:00+00:00,2025-11-24 12:00:00+00:00,4041.01,4063.65,0.494926,REVERSE_SIGNAL,3,3,-11.2051,1.4039,-12.609
143,LONG,2025-11-24 12:00:00+00:00,2025-12-02 04:00:00+00:00,4063.65,4228.76,0.492168,REVERSE_SIGNAL,3,3,81.2619,1.4284,79.8335
144,SHORT,2025-12-02 04:00:00+00:00,2025-12-03 14:00:00+00:00,4228.76,4241.0,0.472952,REVERSE_SIGNAL,3,3,-5.7889,1.402,-7.191
145,LONG,2025-12-03 14:00:00+00:00,2025-12-04 06:00:00+00:00,4241.0,4185.79,0.471587,REVERSE_SIGNAL,3,3,-26.0363,1.3909,-27.4272
146,SHORT,2025-12-04 06:00:00+00:00,2025-12-05 06:00:00+00:00,4185.79,4225.56,0.477807,REVERSE_SIGNAL,3,3,-19.0024,1.4067,-20.409
147,LONG,2025-12-05 06:00:00+00:00,2025-12-05 19:00:00+00:00,4225.56,4215.85,0.47331,REVERSE_SIGNAL,3,3,-4.5958,1.3984,-5.9942
148,SHORT,2025-12-05 19:00:00+00:00,2025-12-08 00:00:00+00:00,4215.85,4212.25,0.4744,REVERSE_SIGNAL,3,3,1.7078,1.3994,0.3084
149,LONG,2025-12-08 00:00:00+00:00,2025-12-08 15:00:00+00:00,4212.25,4204.83,0.474806,REVERSE_SIGNAL,2,3,-3.5231,1.3988,-4.9218
150,SHORT,2025-12-08 15:00:00+00:00,2025-12-09 16:00:00+00:00,4204.83,4214.84,0.475643,REVERSE_SIGNAL,2,3,-4.7612,1.4017,-6.1629
151,LONG,2025-12-09 16:00:00+00:00,2025-12-12 16:00:00+00:00,4214.84,4300.83,0.474514,REVERSE_SIGNAL,3,3,40.8034,1.4143,39.3892
152,LONG,2025-12-15 02:00:00+00:00,2025-12-15 16:00:00+00:00,4334.41,4331.07,0.461424,REVERSE_SIGNAL,3,3,-1.5412,1.3995,-2.9406
153,SHORT,2025-12-15 16:00:00+00:00,2025-12-16 14:00:00+00:00,4331.07,4323.41,0.46178,REVERSE_SIGNAL,2,3,3.5372,1.3988,2.1385
154,LONG,2025-12-16 14:00:00+00:00,2025-12-23 15:00:00+00:00,4323.41,4461.6,0.462598,REVERSE_SIGNAL,2,3,63.9264,1.4224,62.504
155,SHORT,2025-12-23 15:00:00+00:00,2025-12-23 21:00:00+00:00,4461.6,4512.71,0.44827,REVERSE_SIGNAL,2,3,-22.9111,1.408,-24.3191
156,LONG,2025-12-23 21:00:00+00:00,2025-12-24 15:00:00+00:00,4512.71,4480.05,0.443193,REVERSE_SIGNAL,3,3,-14.4747,1.3949,-15.8696
157,SHORT,2025-12-24 15:00:00+00:00,2025-12-26 00:00:00+00:00,4480.05,4514.34,0.446424,REVERSE_SIGNAL,3,3,-15.3079,1.4054,-16.7132
158,LONG,2025-12-26 00:00:00+00:00,2025-12-28 14:00:00+00:00,4514.34,4555.09,0.443033,REVERSE_SIGNAL,3,3,18.0536,1.4063,16.6473
159,SHORT,2025-12-28 14:00:00+00:00,2025-12-30 13:00:00+00:00,4555.09,4419.44,0.439069,REVERSE_SIGNAL,3,3,59.5597,1.3792,58.1806
160,LONG,2025-12-30 13:00:00+00:00,2025-12-31 05:00:00+00:00,4419.44,4349.14,0.452546,REVERSE_SIGNAL,3,3,-31.814,1.3889,-33.2029
161,SHORT,2025-12-31 05:00:00+00:00,2026-01-02 00:00:00+00:00,4349.14,4361.3,0.459861,REVERSE_SIGNAL,3,3,-5.5919,1.402,-6.9939
162,LONG,2026-01-02 00:00:00+00:00,2026-01-02 15:00:00+00:00,4361.3,4369.14,0.458579,REVERSE_SIGNAL,3,3,3.5953,1.4013,2.194
163,SHORT,2026-01-02 15:00:00+00:00,2026-01-03 09:00:00+00:00,4369.14,4364.33,0.457756,REVERSE_SIGNAL,2,3,2.2018,1.3992,0.8026
164,LONG,2026-01-03 09:00:00+00:00,2026-01-07 06:00:00+00:00,4364.33,4465.96,0.45826,REVERSE_SIGNAL,2,3,46.573,1.4163,45.1567
165,SHORT,2026-01-07 06:00:00+00:00,2026-01-08 17:00:00+00:00,4465.96,4470.02,0.447832,REVERSE_SIGNAL,3,3,-1.8182,1.4006,-3.2188
166,LONG,2026-01-08 17:00:00+00:00,2026-01-11 14:00:00+00:00,4470.02,4510.93,0.447425,REVERSE_SIGNAL,3,3,18.3042,1.4064,16.8978
167,SHORT,2026-01-11 14:00:00+00:00,2026-01-12 00:00:00+00:00,4510.93,4542.95,0.443368,REVERSE_SIGNAL,2,3,-14.1966,1.405,-15.6016
168,LONG,2026-01-12 00:00:00+00:00,2026-01-15 04:00:00+00:00,4542.95,4600.34,0.440243,REVERSE_SIGNAL,3,3,25.2655,1.4088,23.8567
169,SHORT,2026-01-15 04:00:00+00:00,2026-01-18 07:00:00+00:00,4600.34,4619.42,0.43475,REVERSE_SIGNAL,3,3,-8.295,1.4029,-9.6979
170,LONG,2026-01-18 07:00:00+00:00,2026-01-21 20:00:00+00:00,4619.42,4806.1,0.432955,REVERSE_SIGNAL,3,3,80.824,1.4283,79.3957
171,SHORT,2026-01-21 20:00:00+00:00,2026-01-22 18:00:00+00:00,4806.1,4919.06,0.416138,REVERSE_SIGNAL,2,3,-47.0069,1.4165,-48.4234
172,LONG,2026-01-22 18:00:00+00:00,2026-01-26 22:00:00+00:00,4919.06,5024.11,0.406582,REVERSE_SIGNAL,3,3,42.7114,1.4149,41.2965
173,SHORT,2026-01-26 22:00:00+00:00,2026-01-27 21:00:00+00:00,5024.11,5192.39,0.39808,REVERSE_SIGNAL,3,3,-66.989,1.4234,-68.4124
174,LONG,2026-01-27 21:00:00+00:00,2026-01-29 16:00:00+00:00,5192.39,5257.26,0.385179,REVERSE_SIGNAL,3,3,24.9866,1.4087,23.5778
175,SHORT,2026-01-29 16:00:00+00:00,2026-02-02 13:00:00+00:00,5257.26,4821.22,0.380426,REVERSE_SIGNAL,3,3,165.8811,1.3419,164.5391
176,LONG,2026-02-02 13:00:00+00:00,2026-02-04 16:00:00+00:00,4821.22,4938.54,0.414833,REVERSE_SIGNAL,2,3,48.6682,1.417,47.2511
177,SHORT,2026-02-04 16:00:00+00:00,2026-02-06 06:00:00+00:00,4938.54,4897.69,0.404978,REVERSE_SIGNAL,3,3,16.5434,1.3942,15.1491
178,LONG,2026-02-06 06:00:00+00:00,2026-02-09 02:00:00+00:00,4897.69,4986.09,0.408356,REVERSE_SIGNAL,2,3,36.0987,1.4126,34.686
179,SHORT,2026-02-09 02:00:00+00:00,2026-02-09 17:00:00+00:00,4986.09,5083.01,0.401116,REVERSE_SIGNAL,2,3,-38.8762,1.4136,-40.2898
180,LONG,2026-02-09 17:00:00+00:00,2026-02-12 17:00:00+00:00,5083.01,4962.64,0.393468,REVERSE_SIGNAL,3,3,-47.3617,1.3834,-48.7451
181,SHORT,2026-02-12 17:00:00+00:00,2026-02-13 18:00:00+00:00,4962.64,5025.5,0.403011,REVERSE_SIGNAL,3,3,-25.3333,1.4089,-26.7422
182,LONG,2026-02-13 18:00:00+00:00,2026-02-16 00:00:00+00:00,5025.5,5022.0,0.39797,REVERSE_SIGNAL,3,3,-1.3929,1.3995,-2.7924
183,SHORT,2026-02-16 00:00:00+00:00,2026-02-18 14:00:00+00:00,5022.0,4956.39,0.398248,REVERSE_SIGNAL,3,3,26.129,1.3909,24.7382
184,LONG,2026-02-18 14:00:00+00:00,2026-02-22 04:00:00+00:00,4956.39,5121.37,0.403519,REVERSE_SIGNAL,3,3,66.5726,1.4233,65.1493
185,SHORT,2026-02-22 04:00:00+00:00,2026-02-22 15:00:00+00:00,5121.37,5157.35,0.390521,REVERSE_SIGNAL,2,3,-14.0509,1.4049,-15.4558
186,LONG,2026-02-22 15:00:00+00:00,2026-02-24 02:00:00+00:00,5157.35,5193.32,0.387796,REVERSE_SIGNAL,3,3,13.949,1.4049,12.5441
187,SHORT,2026-02-24 02:00:00+00:00,2026-02-25 06:00:00+00:00,5193.32,5217.01,0.38511,REVERSE_SIGNAL,2,3,-9.1233,1.4032,-10.5265
188,LONG,2026-02-25 06:00:00+00:00,2026-02-28 21:00:00+00:00,5217.01,5360.37,0.383361,REVERSE_SIGNAL,3,3,54.9587,1.4192,53.5394
189,SHORT,2026-02-28 21:00:00+00:00,2026-03-02 00:00:00+00:00,5360.37,5429.65,0.373109,REVERSE_SIGNAL,2,3,-25.849,1.409,-27.258
190,LONG,2026-03-02 00:00:00+00:00,2026-03-02 15:00:00+00:00,5429.65,5349.74,0.368348,REVERSE_SIGNAL,3,3,-29.4347,1.3897,-30.8244
191,SHORT,2026-03-02 15:00:00+00:00,2026-03-06 19:00:00+00:00,5349.74,5169.98,0.37385,REVERSE_SIGNAL,2,3,67.2033,1.3765,65.8268
192,LONG,2026-03-06 19:00:00+00:00,2026-03-08 22:00:00+00:00,5169.98,5162.13,0.386849,REVERSE_SIGNAL,3,3,-3.0368,1.3989,-4.4357
193,SHORT,2026-03-08 22:00:00+00:00,2026-03-09 20:00:00+00:00,5162.13,5143.96,0.387437,REVERSE_SIGNAL,3,3,7.0397,1.3975,5.6422
194,LONG,2026-03-09 20:00:00+00:00,2026-03-11 23:00:00+00:00,5143.96,5142.2,0.388806,REVERSE_SIGNAL,2,3,-0.6843,1.3998,-2.0841
195,SHORT,2026-03-11 23:00:00+00:00,2026-03-15 23:00:00+00:00,5142.2,5022.33,0.388939,REVERSE_SIGNAL,3,3,46.6221,1.3837,45.2384
196,LONG,2026-03-15 23:00:00+00:00,2026-03-16 10:00:00+00:00,5022.33,4964.95,0.398222,REVERSE_SIGNAL,2,3,-22.85,1.392,-24.242
197,SHORT,2026-03-16 10:00:00+00:00,2026-03-20 04:00:00+00:00,4964.95,4728.19,0.402824,REVERSE_SIGNAL,3,3,95.3726,1.3666,94.0059
198,LONG,2026-03-20 04:00:00+00:00,2026-03-20 15:00:00+00:00,4728.19,4571.35,0.422995,REVERSE_SIGNAL,2,3,-66.3425,1.3768,-67.7193
199,SHORT,2026-03-20 15:00:00+00:00,2026-03-22 19:00:00+00:00,4571.35,4494.57,0.437508,REVERSE_SIGNAL,3,3,33.5918,1.3882,32.2036
200,LONG,2026-03-22 19:00:00+00:00,2026-03-23 01:00:00+00:00,4494.57,4363.27,0.444981,REVERSE_SIGNAL,2,3,-58.4261,1.3796,-59.8056
201,SHORT,2026-03-23 01:00:00+00:00,2026-03-23 12:00:00+00:00,4363.27,4382.49,0.458372,REVERSE_SIGNAL,3,3,-8.8099,1.4031,-10.213
202,LONG,2026-03-23 12:00:00+00:00,2026-03-26 06:00:00+00:00,4382.49,4439.33,0.456362,REVERSE_SIGNAL,2,3,25.9396,1.4091,24.5305
203,SHORT,2026-03-26 06:00:00+00:00,2026-03-27 15:00:00+00:00,4439.33,4507.56,0.450518,REVERSE_SIGNAL,3,3,-30.7389,1.4108,-32.1496
204,LONG,2026-03-27 15:00:00+00:00,2026-03-29 23:00:00+00:00,4507.56,4488.54,0.443699,REVERSE_SIGNAL,3,3,-8.4392,1.397,-9.8362
205,SHORT,2026-03-29 23:00:00+00:00,2026-03-30 04:00:00+00:00,4488.54,4503.04,0.445579,REVERSE_SIGNAL,2,3,-6.4609,1.4023,-7.8632
206,LONG,2026-03-30 04:00:00+00:00,2026-04-02 02:00:00+00:00,4503.04,4684.77,0.444144,REVERSE_SIGNAL,2,3,80.7144,1.4283,79.2861
207,SHORT,2026-04-02 02:00:00+00:00,2026-04-06 05:00:00+00:00,4684.77,4644.44,0.426915,REVERSE_SIGNAL,2,3,17.2175,1.394,15.8235
208,LONG,2026-04-06 05:00:00+00:00,2026-04-07 02:00:00+00:00,4644.44,4610.4,0.430622,REVERSE_SIGNAL,2,3,-14.6584,1.3949,-16.0533
209,SHORT,2026-04-07 02:00:00+00:00,2026-04-07 20:00:00+00:00,4610.4,4684.36,0.433802,REVERSE_SIGNAL,3,3,-32.084,1.4112,-33.4952
210,LONG,2026-04-07 20:00:00+00:00,2026-04-08 19:00:00+00:00,4684.36,4688.03,0.426953,REVERSE_SIGNAL,3,3,1.5669,1.4005,0.1664
211,SHORT,2026-04-08 19:00:00+00:00,2026-04-09 16:00:00+00:00,4688.03,4778.56,0.426618,REVERSE_SIGNAL,3,3,-38.6218,1.4135,-40.0353
212,LONG,2026-04-09 16:00:00+00:00,2026-04-12 02:00:00+00:00,4778.56,4714.85,0.418536,REVERSE_SIGNAL,3,3,-26.6649,1.3907,-28.0556
213,SHORT,2026-04-12 02:00:00+00:00,2026-04-13 02:00:00+00:00,4714.85,4699.76,0.424192,REVERSE_SIGNAL,3,3,6.4011,1.3978,5.0033
214,LONG,2026-04-13 02:00:00+00:00,2026-04-15 21:00:00+00:00,4699.76,4779.78,0.425554,REVERSE_SIGNAL,2,3,34.0528,1.4119,32.6409
215,SHORT,2026-04-15 21:00:00+00:00,2026-04-17 13:00:00+00:00,4779.78,4827.84,0.418429,REVERSE_SIGNAL,3,3,-20.1097,1.407,-21.5168
216,LONG,2026-04-17 13:00:00+00:00,2026-04-18 13:00:00+00:00,4827.84,4786.41,0.414264,REVERSE_SIGNAL,3,3,-17.163,1.394,-18.5569
217,SHORT,2026-04-18 13:00:00+00:00,2026-04-20 02:00:00+00:00,4786.41,4787.3,0.41785,REVERSE_SIGNAL,3,3,-0.3719,1.4001,-1.772
218,LONG,2026-04-20 02:00:00+00:00,2026-04-21 07:00:00+00:00,4787.3,4764.1,0.417772,REVERSE_SIGNAL,2,3,-9.6923,1.3966,-11.0889
219,SHORT,2026-04-21 07:00:00+00:00,2026-04-24 15:00:00+00:00,4764.1,4711.87,0.419806,REVERSE_SIGNAL,3,3,21.9265,1.3923,20.5342
220,LONG,2026-04-24 15:00:00+00:00,2026-04-26 23:00:00+00:00,4711.87,4674.57,0.42446,REVERSE_SIGNAL,3,3,-15.8324,1.3945,-17.2268
221,SHORT,2026-04-26 23:00:00+00:00,2026-04-27 03:00:00+00:00,4674.57,4705.0,0.427847,REVERSE_SIGNAL,3,3,-13.0194,1.4046,-14.4239
222,LONG,2026-04-27 03:00:00+00:00,2026-04-27 15:00:00+00:00,4705.0,4666.32,0.42508,REVERSE_SIGNAL,2,3,-16.4421,1.3942,-17.8363
223,SHORT,2026-04-27 15:00:00+00:00,2026-04-30 08:00:00+00:00,4666.32,4589.32,0.428603,REVERSE_SIGNAL,3,3,33.0025,1.3884,31.614
224,LONG,2026-04-30 08:00:00+00:00,2026-05-01 08:00:00+00:00,4589.32,4570.53,0.435794,REVERSE_SIGNAL,3,3,-8.1886,1.3971,-9.5857
225,SHORT,2026-05-01 08:00:00+00:00,2026-05-01 14:00:00+00:00,4570.53,4618.58,0.437586,REVERSE_SIGNAL,3,3,-21.026,1.4074,-22.4334
226,LONG,2026-05-01 14:00:00+00:00,2026-05-03 23:00:00+00:00,4618.58,4608.88,0.433034,REVERSE_SIGNAL,2,3,-4.2004,1.3985,-5.599
227,LONG,2026-05-05 14:00:00+00:00,2026-05-07 21:00:00+00:00,4568.9,4678.91,0.437742,REVERSE_SIGNAL,3,3,48.156,1.4169,46.7392
228,SHORT,2026-05-07 21:00:00+00:00,2026-05-09 22:00:00+00:00,4678.91,4713.29,0.42745,REVERSE_SIGNAL,3,3,-14.6957,1.4051,-16.1009
229,LONG,2026-05-09 22:00:00+00:00,2026-05-10 21:00:00+00:00,4713.29,4702.31,0.424332,REVERSE_SIGNAL,3,3,-4.6592,1.3984,-6.0575
230,SHORT,2026-05-10 21:00:00+00:00,2026-05-11 14:00:00+00:00,4702.31,4726.06,0.425323,REVERSE_SIGNAL,2,3,-10.1014,1.4035,-11.505
231,LONG,2026-05-11 14:00:00+00:00,2026-05-12 07:00:00+00:00,4726.06,4686.74,0.423185,REVERSE_SIGNAL,3,3,-16.6397,1.3942,-18.0338
232,SHORT,2026-05-12 07:00:00+00:00,2026-05-17 16:00:00+00:00,4686.74,4539.37,0.426736,REVERSE_SIGNAL,2,3,62.8881,1.378,61.5101
233,LONG,2026-05-17 16:00:00+00:00,2026-05-17 21:00:00+00:00,4539.37,4525.44,0.44059,REVERSE_SIGNAL,3,3,-6.1374,1.3979,-7.5353
234,SHORT,2026-05-17 21:00:00+00:00,2026-05-17 23:00:00+00:00,4525.44,4542.49,0.441946,REVERSE_SIGNAL,2,3,-7.5352,1.4026,-8.9378
235,LONG,2026-05-17 23:00:00+00:00,2026-05-18 01:00:00+00:00,4542.49,4511.21,0.440287,REVERSE_SIGNAL,3,3,-13.7722,1.3952,-15.1674
236,SHORT,2026-05-18 01:00:00+00:00,2026-05-18 13:00:00+00:00,4511.21,4567.93,0.44334,REVERSE_SIGNAL,3,3,-25.1462,1.4088,-26.555
237,LONG,2026-05-18 13:00:00+00:00,2026-05-19 14:00:00+00:00,4567.93,4505.38,0.437835,REVERSE_SIGNAL,3,3,-27.3866,1.3904,-28.777
238,SHORT,2026-05-19 14:00:00+00:00,2026-05-20 15:00:00+00:00,4505.38,4527.47,0.443914,REVERSE_SIGNAL,3,3,-9.8061,1.4034,-11.2095
239,LONG,2026-05-20 15:00:00+00:00,2026-05-21 13:00:00+00:00,4527.47,4499.98,0.441748,REVERSE_SIGNAL,3,3,-12.1436,1.3957,-13.5394
240,SHORT,2026-05-21 13:00:00+00:00,2026-05-23 21:00:00+00:00,4499.98,4524.47,0.444446,REVERSE_SIGNAL,3,3,-10.8845,1.4038,-12.2883
241,LONG,2026-05-23 21:00:00+00:00,2026-05-24 15:00:00+00:00,4524.47,4520.75,0.442041,REVERSE_SIGNAL,3,3,-1.6444,1.3994,-3.0438
242,SHORT,2026-05-24 15:00:00+00:00,2026-05-24 23:00:00+00:00,4520.75,4556.8,0.442404,REVERSE_SIGNAL,2,3,-15.9487,1.4056,-17.3543
243,LONG,2026-05-24 23:00:00+00:00,2026-05-26 02:00:00+00:00,4556.8,4528.01,0.438904,REVERSE_SIGNAL,2,3,-12.6361,1.3956,-14.0316
244,SHORT,2026-05-26 02:00:00+00:00,2026-05-28 15:00:00+00:00,4528.01,4463.29,0.441695,REVERSE_SIGNAL,3,3,28.5865,1.39,27.1965
245,LONG,2026-05-28 15:00:00+00:00,2026-06-01 02:00:00+00:00,4463.29,4517.33,0.4481,REVERSE_SIGNAL,3,3,24.2153,1.4085,22.8068
246,SHORT,2026-06-01 02:00:00+00:00,2026-06-02 05:00:00+00:00,4517.33,4509.45,0.442739,REVERSE_SIGNAL,2,3,3.4888,1.3988,2.09
247,LONG,2026-06-02 05:00:00+00:00,2026-06-02 18:00:00+00:00,4509.45,4482.09,0.443513,REVERSE_SIGNAL,3,3,-12.1345,1.3958,-13.5303
248,SHORT,2026-06-02 18:00:00+00:00,2026-06-04 12:00:00+00:00,4482.09,4503.33,0.44622,REVERSE_SIGNAL,2,3,-9.4777,1.4033,-10.881
249,LONG,2026-06-04 12:00:00+00:00,2026-06-05 02:00:00+00:00,4503.33,4440.26,0.444116,REVERSE_SIGNAL,3,3,-28.0104,1.3902,-29.4006
250,SHORT,2026-06-05 02:00:00+00:00,2026-06-07 07:00:00+00:00,4440.26,4310.9,0.450424,REVERSE_SIGNAL,3,3,58.2669,1.3796,56.8873
251,LONG,2026-06-07 07:00:00+00:00,2026-06-08 03:00:00+00:00,4310.9,4303.51,0.46394,REVERSE_SIGNAL,3,3,-3.4285,1.3988,-4.8273
252,SHORT,2026-06-08 03:00:00+00:00,2026-06-09 06:00:00+00:00,4303.51,4334.85,0.464737,REVERSE_SIGNAL,2,3,-14.5649,1.4051,-15.97
253,LONG,2026-06-09 06:00:00+00:00,2026-06-09 16:00:00+00:00,4334.85,4266.53,0.461377,REVERSE_SIGNAL,3,3,-31.5213,1.389,-32.9102
254,SHORT,2026-06-09 16:00:00+00:00,2026-06-11 18:00:00+00:00,4266.53,4147.53,0.468765,REVERSE_SIGNAL,3,3,55.783,1.3805,54.4026
255,LONG,2026-06-11 18:00:00+00:00,2026-06-15 21:00:00+00:00,4147.53,4300.77,0.482215,REVERSE_SIGNAL,3,3,73.8946,1.4259,72.4687
256,SHORT,2026-06-15 21:00:00+00:00,2026-06-16 13:00:00+00:00,4300.77,4344.67,0.465033,REVERSE_SIGNAL,2,3,-20.4149,1.4071,-21.8221
257,LONG,2026-06-16 13:00:00+00:00,2026-06-17 19:00:00+00:00,4344.67,4279.69,0.460334,REVERSE_SIGNAL,3,3,-29.9125,1.3895,-31.302
258,SHORT,2026-06-17 19:00:00+00:00,2026-06-22 01:00:00+00:00,4279.69,4195.35,0.467324,REVERSE_SIGNAL,3,3,39.4141,1.3862,38.0279
259,LONG,2026-06-22 01:00:00+00:00,2026-06-23 02:00:00+00:00,4195.35,4156.3,0.476718,REVERSE_SIGNAL,3,3,-18.6158,1.3935,-20.0093
260,SHORT,2026-06-23 02:00:00+00:00,2026-06-26 10:00:00+00:00,4156.3,4043.1,0.481197,REVERSE_SIGNAL,3,3,54.4715,1.3809,53.0906
261,LONG,2026-06-26 10:00:00+00:00,2026-06-28 23:00:00+00:00,4043.1,4059.68,0.49467,REVERSE_SIGNAL,3,3,8.2016,1.4029,6.7988
262,SHORT,2026-06-28 23:00:00+00:00,2026-06-30 07:00:00+00:00,4059.68,4027.2,0.49265,REVERSE_SIGNAL,3,3,16.0013,1.3944,14.6069
263,LONG,2026-06-30 07:00:00+00:00,2026-06-30 23:00:00+00:00,4027.2,4002.11,0.496623,END,2,3,-12.4603,1.3956,-13.8559
