trade_no,symbol,entry_time,exit_time,side,entry_price,exit_price,quantity,pnl_usd,fee_usd,net_pnl,result,balance_after
1,PAXGUSDT,2025-03-29 11:55:00+00:00,2025-03-29 13:00:00+00:00,LONG,3104.47,3107.5745,16.105809,50.0,35.0,15.0,WIN,10015.0
2,PAXGUSDT,2025-03-29 20:45:00+00:00,2025-04-03 11:00:00+00:00,SHORT,3106.87,3103.7631,16.093367,50.0,35.0,15.0,WIN,10030.0
3,PAXGUSDT,2025-04-03 22:45:00+00:00,2025-04-03 23:25:00+00:00,LONG,3125.36,3128.4854,15.998157,50.0,35.0,15.0,WIN,10045.0
4,PAXGUSDT,2025-04-04 02:10:00+00:00,2025-04-04 02:20:00+00:00,SHORT,3117.39,3114.2726,16.039058,50.0,35.0,15.0,WIN,10060.0
5,PAXGUSDT,2025-04-05 22:25:00+00:00,2025-04-09 09:45:00+00:00,LONG,3066.09,3069.1561,16.307414,50.0,35.0,15.0,WIN,10075.0
6,PAXGUSDT,2025-04-10 00:35:00+00:00,2025-04-10 02:05:00+00:00,LONG,3113.08,3116.1931,16.061264,50.0,35.0,15.0,WIN,10090.0
7,PAXGUSDT,2025-04-11 10:10:00+00:00,2025-04-11 10:10:00+00:00,LONG,3256.15,3259.4061,15.355558,50.0,35.0,15.0,WIN,10105.0
8,PAXGUSDT,2025-04-11 23:55:00+00:00,2025-04-12 00:10:00+00:00,LONG,3263.53,3266.7935,15.320834,50.0,35.0,15.0,WIN,10120.0
9,PAXGUSDT,2025-04-12 09:50:00+00:00,2025-04-12 10:35:00+00:00,SHORT,3280.28,3276.9997,15.242601,50.0,35.0,15.0,WIN,10135.0
10,PAXGUSDT,2025-04-13 06:25:00+00:00,2025-04-13 06:30:00+00:00,LONG,3247.71,3250.9577,15.395463,50.0,35.0,15.0,WIN,10150.0
11,PAXGUSDT,2025-04-13 15:45:00+00:00,2025-04-13 15:45:00+00:00,LONG,3256.43,3259.6864,15.354238,50.0,35.0,15.0,WIN,10165.0
12,PAXGUSDT,2025-04-13 22:35:00+00:00,2025-04-13 22:35:00+00:00,SHORT,3244.81,3241.5652,15.409223,50.0,35.0,15.0,WIN,10180.0
13,PAXGUSDT,2025-04-14 01:55:00+00:00,2025-04-14 02:00:00+00:00,LONG,3262.71,3265.9727,15.324684,50.0,35.0,15.0,WIN,10195.0
14,PAXGUSDT,2025-04-14 08:40:00+00:00,2025-04-14 08:40:00+00:00,SHORT,3247.04,3243.793,15.39864,50.0,35.0,15.0,WIN,10210.0
15,PAXGUSDT,2025-04-14 20:00:00+00:00,2025-04-14 23:55:00+00:00,LONG,3232.3,3235.5323,15.468861,50.0,35.0,15.0,WIN,10225.0
16,PAXGUSDT,2025-04-15 17:55:00+00:00,2025-04-15 22:00:00+00:00,LONG,3245.03,3248.275,15.408178,50.0,35.0,15.0,WIN,10240.0
17,PAXGUSDT,2025-04-17 02:10:00+00:00,2025-04-17 02:30:00+00:00,SHORT,3350.47,3347.1195,14.923279,50.0,35.0,15.0,WIN,10255.0
18,PAXGUSDT,2025-04-17 21:15:00+00:00,2025-04-17 23:15:00+00:00,LONG,3339.7,3343.0397,14.971405,50.0,35.0,15.0,WIN,10270.0
19,PAXGUSDT,2025-04-18 19:50:00+00:00,2025-04-18 20:50:00+00:00,SHORT,3353.3,3349.9467,14.910685,50.0,35.0,15.0,WIN,10285.0
20,PAXGUSDT,2025-04-18 21:25:00+00:00,2025-04-19 01:40:00+00:00,SHORT,3349.58,3346.2304,14.927245,50.0,35.0,15.0,WIN,10300.0
21,PAXGUSDT,2025-04-19 16:15:00+00:00,2025-04-19 17:40:00+00:00,LONG,3348.8,3352.1488,14.930721,50.0,35.0,15.0,WIN,10315.0
22,PAXGUSDT,2025-04-20 09:30:00+00:00,2025-04-20 11:35:00+00:00,LONG,3350.96,3354.311,14.921097,50.0,35.0,15.0,WIN,10330.0
23,PAXGUSDT,2025-04-20 16:40:00+00:00,2025-04-22 22:05:00+00:00,SHORT,3348.2,3344.8518,14.933397,50.0,35.0,15.0,WIN,10345.0
24,PAXGUSDT,2025-04-23 06:25:00+00:00,2025-04-23 06:40:00+00:00,SHORT,3342.5,3339.1575,14.958863,50.0,35.0,15.0,WIN,10360.0
25,PAXGUSDT,2025-04-24 11:15:00+00:00,2025-04-24 11:20:00+00:00,LONG,3354.33,3357.6843,14.906106,50.0,35.0,15.0,WIN,10375.0
26,PAXGUSDT,2025-04-24 14:10:00+00:00,2025-04-25 05:40:00+00:00,SHORT,3325.16,3321.8348,15.03687,50.0,35.0,15.0,WIN,10390.0
27,PAXGUSDT,2025-04-25 20:20:00+00:00,2025-04-25 20:20:00+00:00,LONG,3305.4,3308.7054,15.126762,50.0,35.0,15.0,WIN,10405.0
28,PAXGUSDT,2025-04-26 08:45:00+00:00,2025-04-26 09:05:00+00:00,SHORT,3307.33,3304.0227,15.117935,50.0,35.0,15.0,WIN,10420.0
29,PAXGUSDT,2025-04-26 15:10:00+00:00,2025-04-27 04:55:00+00:00,LONG,3316.15,3319.4661,15.077726,50.0,35.0,15.0,WIN,10435.0
30,PAXGUSDT,2025-04-27 05:15:00+00:00,2025-04-27 15:25:00+00:00,LONG,3318.16,3321.4782,15.068592,50.0,35.0,15.0,WIN,10450.0
31,PAXGUSDT,2025-04-27 15:45:00+00:00,2025-04-27 16:30:00+00:00,LONG,3322.25,3325.5722,15.050041,50.0,35.0,15.0,WIN,10465.0
32,PAXGUSDT,2025-04-27 22:50:00+00:00,2025-04-27 23:00:00+00:00,SHORT,3318.47,3315.1515,15.067185,50.0,35.0,15.0,WIN,10480.0
33,PAXGUSDT,2025-04-28 10:00:00+00:00,2025-05-01 00:20:00+00:00,SHORT,3278.2,3274.9218,15.252273,50.0,35.0,15.0,WIN,10495.0
34,PAXGUSDT,2025-05-01 18:50:00+00:00,2025-05-01 20:05:00+00:00,LONG,3240.52,3243.7605,15.429622,50.0,35.0,15.0,WIN,10510.0
35,PAXGUSDT,2025-05-02 13:15:00+00:00,2025-05-02 15:35:00+00:00,SHORT,3252.66,3249.4073,15.372034,50.0,35.0,15.0,WIN,10525.0
36,PAXGUSDT,2025-05-03 09:30:00+00:00,2025-05-03 10:35:00+00:00,LONG,3257.42,3260.6774,15.349571,50.0,35.0,15.0,WIN,10540.0
37,PAXGUSDT,2025-05-04 00:30:00+00:00,2025-05-04 01:00:00+00:00,SHORT,3254.22,3250.9658,15.364665,50.0,35.0,15.0,WIN,10555.0
38,PAXGUSDT,2025-05-04 09:50:00+00:00,2025-05-04 12:40:00+00:00,LONG,3256.61,3259.8666,15.353389,50.0,35.0,15.0,WIN,10570.0
39,PAXGUSDT,2025-05-04 16:40:00+00:00,2025-05-12 07:20:00+00:00,SHORT,3251.84,3248.5882,15.37591,50.0,35.0,15.0,WIN,10585.0
40,PAXGUSDT,2025-05-12 14:35:00+00:00,2025-05-12 14:35:00+00:00,LONG,3254.62,3257.8746,15.362777,50.0,35.0,15.0,WIN,10600.0
41,PAXGUSDT,2025-05-13 01:55:00+00:00,2025-05-14 11:55:00+00:00,SHORT,3232.36,3229.1276,15.468574,50.0,35.0,15.0,WIN,10615.0
42,PAXGUSDT,2025-05-14 12:15:00+00:00,2025-05-14 12:15:00+00:00,SHORT,3224.18,3220.9558,15.507819,50.0,35.0,15.0,WIN,10630.0
43,PAXGUSDT,2025-05-15 01:05:00+00:00,2025-05-15 13:05:00+00:00,LONG,3201.38,3204.5814,15.618265,50.0,35.0,15.0,WIN,10645.0
44,PAXGUSDT,2025-05-16 02:55:00+00:00,2025-05-16 03:00:00+00:00,SHORT,3225.32,3222.0947,15.502338,50.0,35.0,15.0,WIN,10660.0
45,PAXGUSDT,2025-05-16 18:05:00+00:00,2025-05-16 19:15:00+00:00,LONG,3209.65,3212.8596,15.578023,50.0,35.0,15.0,WIN,10675.0
46,PAXGUSDT,2025-05-17 15:05:00+00:00,2025-05-18 02:55:00+00:00,LONG,3224.27,3227.4943,15.507386,50.0,35.0,15.0,WIN,10690.0
47,PAXGUSDT,2025-05-18 08:35:00+00:00,2025-05-18 12:15:00+00:00,SHORT,3216.43,3213.2136,15.545185,50.0,35.0,15.0,WIN,10705.0
48,PAXGUSDT,2025-05-18 15:45:00+00:00,2025-05-18 15:50:00+00:00,LONG,3221.76,3224.9818,15.519468,50.0,35.0,15.0,WIN,10720.0
49,PAXGUSDT,2025-05-18 18:20:00+00:00,2025-05-18 19:40:00+00:00,SHORT,3212.86,3209.6471,15.562458,50.0,35.0,15.0,WIN,10735.0
50,PAXGUSDT,2025-05-18 21:55:00+00:00,2025-05-18 22:00:00+00:00,LONG,3224.01,3227.234,15.508637,50.0,35.0,15.0,WIN,10750.0
51,PAXGUSDT,2025-05-19 08:30:00+00:00,2025-05-19 08:50:00+00:00,LONG,3250.49,3253.7405,15.382296,50.0,35.0,15.0,WIN,10765.0
52,PAXGUSDT,2025-05-19 16:05:00+00:00,2025-05-19 16:20:00+00:00,SHORT,3246.74,3243.4933,15.400063,50.0,35.0,15.0,WIN,10780.0
53,PAXGUSDT,2025-05-20 08:00:00+00:00,2025-05-20 08:35:00+00:00,LONG,3239.3,3242.5393,15.435434,50.0,35.0,15.0,WIN,10795.0
54,PAXGUSDT,2025-05-21 12:50:00+00:00,2025-05-21 13:50:00+00:00,SHORT,3306.98,3303.673,15.119535,50.0,35.0,15.0,WIN,10810.0
55,PAXGUSDT,2025-05-21 19:25:00+00:00,2025-05-21 19:30:00+00:00,LONG,3327.52,3330.8475,15.026206,50.0,35.0,15.0,WIN,10825.0
56,PAXGUSDT,2025-05-22 08:35:00+00:00,2025-05-22 08:35:00+00:00,SHORT,3319.92,3316.6001,15.060604,50.0,35.0,15.0,WIN,10840.0
57,PAXGUSDT,2025-05-23 23:25:00+00:00,2025-05-25 22:20:00+00:00,SHORT,3352.93,3349.5771,14.91233,50.0,35.0,15.0,WIN,10855.0
58,PAXGUSDT,2025-05-26 08:40:00+00:00,2025-05-26 09:25:00+00:00,SHORT,3340.6,3337.2594,14.967371,50.0,35.0,15.0,WIN,10870.0
59,PAXGUSDT,2025-05-26 14:15:00+00:00,2025-05-26 16:40:00+00:00,LONG,3347.33,3350.6773,14.937278,50.0,35.0,15.0,WIN,10885.0
60,PAXGUSDT,2025-05-27 01:45:00+00:00,2025-05-27 05:25:00+00:00,SHORT,3341.91,3338.5681,14.961504,50.0,35.0,15.0,WIN,10900.0
61,PAXGUSDT,2025-05-27 17:25:00+00:00,2025-05-27 18:30:00+00:00,LONG,3313.61,3316.9236,15.089283,50.0,35.0,15.0,WIN,10915.0
62,PAXGUSDT,2025-05-28 07:55:00+00:00,2025-05-28 10:00:00+00:00,LONG,3331.42,3334.7514,15.008615,50.0,35.0,15.0,WIN,10930.0
63,PAXGUSDT,2025-05-28 14:20:00+00:00,2025-05-28 15:00:00+00:00,SHORT,3315.2,3311.8848,15.082046,50.0,35.0,15.0,WIN,10945.0
64,PAXGUSDT,2025-05-29 06:35:00+00:00,2025-05-29 07:10:00+00:00,LONG,3287.4,3290.6874,15.209588,50.0,35.0,15.0,WIN,10960.0
65,PAXGUSDT,2025-05-29 23:15:00+00:00,2025-05-30 00:20:00+00:00,SHORT,3325.24,3321.9148,15.036509,50.0,35.0,15.0,WIN,10975.0
66,PAXGUSDT,2025-05-30 12:25:00+00:00,2025-05-30 12:25:00+00:00,LONG,3313.03,3316.343,15.091925,50.0,35.0,15.0,WIN,10990.0
67,PAXGUSDT,2025-05-30 14:00:00+00:00,2025-05-30 14:00:00+00:00,SHORT,3290.08,3286.7899,15.197199,50.0,35.0,15.0,WIN,11005.0
68,PAXGUSDT,2025-05-30 21:10:00+00:00,2025-05-31 02:50:00+00:00,LONG,3303.1,3306.4031,15.137295,50.0,35.0,15.0,WIN,11020.0
69,PAXGUSDT,2025-05-31 03:45:00+00:00,2025-06-01 18:55:00+00:00,LONG,3307.5,3310.8075,15.117158,50.0,35.0,15.0,WIN,11035.0
70,PAXGUSDT,2025-06-03 01:20:00+00:00,2025-06-03 03:40:00+00:00,SHORT,3373.66,3370.2863,14.820699,50.0,35.0,15.0,WIN,11050.0
71,PAXGUSDT,2025-06-03 21:05:00+00:00,2025-06-03 21:30:00+00:00,LONG,3364.19,3367.5542,14.862419,50.0,35.0,15.0,WIN,11065.0
72,PAXGUSDT,2025-06-04 05:35:00+00:00,2025-06-04 11:25:00+00:00,SHORT,3361.41,3358.0486,14.87471,50.0,35.0,15.0,WIN,11080.0
73,PAXGUSDT,2025-06-05 09:00:00+00:00,2025-06-05 09:00:00+00:00,LONG,3389.0,3392.389,14.753615,50.0,35.0,15.0,WIN,11095.0
74,PAXGUSDT,2025-06-05 15:30:00+00:00,2025-06-05 15:30:00+00:00,SHORT,3378.61,3375.2314,14.798985,50.0,35.0,15.0,WIN,11110.0
75,PAXGUSDT,2025-06-05 22:50:00+00:00,2025-06-06 00:05:00+00:00,LONG,3377.96,3381.338,14.801833,50.0,35.0,15.0,WIN,11125.0
76,PAXGUSDT,2025-06-06 07:15:00+00:00,2025-06-06 07:45:00+00:00,SHORT,3376.6,3373.2234,14.807795,50.0,35.0,15.0,WIN,11140.0
77,PAXGUSDT,2025-06-07 08:55:00+00:00,2025-06-08 04:40:00+00:00,LONG,3333.67,3337.0037,14.998485,50.0,35.0,15.0,WIN,11155.0
78,PAXGUSDT,2025-06-08 14:55:00+00:00,2025-06-09 06:50:00+00:00,LONG,3337.77,3341.1078,14.980062,50.0,35.0,15.0,WIN,11170.0
79,PAXGUSDT,2025-06-09 13:30:00+00:00,2025-06-10 01:25:00+00:00,SHORT,3332.77,3329.4372,15.002535,50.0,35.0,15.0,WIN,11185.0
80,PAXGUSDT,2025-06-10 07:20:00+00:00,2025-06-10 07:30:00+00:00,LONG,3342.21,3345.5522,14.960161,50.0,35.0,15.0,WIN,11200.0
81,PAXGUSDT,2025-06-10 15:20:00+00:00,2025-06-10 16:15:00+00:00,SHORT,3338.89,3335.5511,14.975037,50.0,35.0,15.0,WIN,11215.0
82,PAXGUSDT,2025-06-11 00:20:00+00:00,2025-06-11 00:40:00+00:00,LONG,3343.36,3346.7034,14.955015,50.0,35.0,15.0,WIN,11230.0
83,PAXGUSDT,2025-06-11 10:35:00+00:00,2025-06-11 10:55:00+00:00,SHORT,3348.87,3345.5211,14.930409,50.0,35.0,15.0,WIN,11245.0
84,PAXGUSDT,2025-06-11 12:40:00+00:00,2025-06-11 21:25:00+00:00,LONG,3369.55,3372.9195,14.838777,50.0,35.0,15.0,WIN,11260.0
85,PAXGUSDT,2025-06-12 07:45:00+00:00,2025-06-24 00:00:00+00:00,SHORT,3358.2,3354.8418,14.888929,50.0,35.0,15.0,WIN,11275.0
86,PAXGUSDT,2025-06-24 19:40:00+00:00,2025-06-24 20:40:00+00:00,LONG,3343.53,3346.8735,14.954255,50.0,35.0,15.0,WIN,11290.0
87,PAXGUSDT,2025-06-25 08:15:00+00:00,2025-06-25 09:05:00+00:00,SHORT,3342.87,3339.5271,14.957207,50.0,35.0,15.0,WIN,11305.0
88,PAXGUSDT,2025-06-25 16:25:00+00:00,2025-06-25 16:40:00+00:00,LONG,3341.61,3344.9516,14.962847,50.0,35.0,15.0,WIN,11320.0
89,PAXGUSDT,2025-06-26 06:20:00+00:00,2025-06-26 12:50:00+00:00,SHORT,3343.6,3340.2564,14.953942,50.0,35.0,15.0,WIN,11335.0
90,PAXGUSDT,2025-06-26 12:55:00+00:00,2025-06-26 13:00:00+00:00,SHORT,3338.48,3335.1415,14.976876,50.0,35.0,15.0,WIN,11350.0
91,PAXGUSDT,2025-06-26 19:05:00+00:00,2025-07-01 09:50:00+00:00,LONG,3347.44,3350.7874,14.936788,50.0,35.0,15.0,WIN,11365.0
92,PAXGUSDT,2025-07-01 22:50:00+00:00,2025-07-02 12:15:00+00:00,LONG,3348.52,3351.8685,14.93197,50.0,35.0,15.0,WIN,11380.0
93,PAXGUSDT,2025-07-03 01:05:00+00:00,2025-07-03 12:30:00+00:00,SHORT,3346.15,3342.8039,14.942546,50.0,35.0,15.0,WIN,11395.0
94,PAXGUSDT,2025-07-03 20:35:00+00:00,2025-07-03 22:10:00+00:00,SHORT,3330.21,3326.8798,15.014068,50.0,35.0,15.0,WIN,11410.0
95,PAXGUSDT,2025-07-04 03:30:00+00:00,2025-07-04 03:40:00+00:00,LONG,3335.29,3338.6253,14.9912,50.0,35.0,15.0,WIN,11425.0
96,PAXGUSDT,2025-07-04 17:15:00+00:00,2025-07-04 19:20:00+00:00,LONG,3341.18,3344.5212,14.964773,50.0,35.0,15.0,WIN,11440.0
97,PAXGUSDT,2025-07-05 13:20:00+00:00,2025-07-05 16:35:00+00:00,LONG,3343.68,3347.0237,14.953584,50.0,35.0,15.0,WIN,11455.0
98,PAXGUSDT,2025-07-06 05:00:00+00:00,2025-07-11 12:30:00+00:00,LONG,3344.24,3347.5842,14.95108,50.0,35.0,15.0,WIN,11470.0
99,PAXGUSDT,2025-07-11 21:20:00+00:00,2025-07-11 22:25:00+00:00,SHORT,3346.14,3342.7939,14.942591,50.0,35.0,15.0,WIN,11485.0
100,PAXGUSDT,2025-07-12 01:05:00+00:00,2025-07-15 13:35:00+00:00,SHORT,3344.33,3340.9857,14.950678,50.0,35.0,15.0,WIN,11500.0
101,PAXGUSDT,2025-07-16 03:50:00+00:00,2025-07-16 04:50:00+00:00,LONG,3339.88,3343.2199,14.970598,50.0,35.0,15.0,WIN,11515.0
102,PAXGUSDT,2025-07-16 12:30:00+00:00,2025-07-16 13:30:00+00:00,SHORT,3340.46,3337.1195,14.967998,50.0,35.0,15.0,WIN,11530.0
103,PAXGUSDT,2025-07-16 15:10:00+00:00,2025-07-16 15:15:00+00:00,LONG,3356.4,3359.7564,14.896913,50.0,35.0,15.0,WIN,11545.0
104,PAXGUSDT,2025-07-17 14:45:00+00:00,2025-07-17 16:20:00+00:00,LONG,3341.1,3344.4411,14.965131,50.0,35.0,15.0,WIN,11560.0
105,PAXGUSDT,2025-07-18 00:10:00+00:00,2025-07-18 01:25:00+00:00,SHORT,3341.86,3338.5181,14.961728,50.0,35.0,15.0,WIN,11575.0
106,PAXGUSDT,2025-07-18 07:20:00+00:00,2025-07-18 07:40:00+00:00,LONG,3346.96,3350.307,14.93893,50.0,35.0,15.0,WIN,11590.0
107,PAXGUSDT,2025-07-19 05:55:00+00:00,2025-07-21 05:10:00+00:00,LONG,3360.8,3364.1608,14.87741,50.0,35.0,15.0,WIN,11605.0
108,PAXGUSDT,2025-07-21 21:40:00+00:00,2025-07-22 01:55:00+00:00,SHORT,3392.51,3389.1175,14.73835,50.0,35.0,15.0,WIN,11620.0
109,PAXGUSDT,2025-07-22 12:20:00+00:00,2025-07-22 12:25:00+00:00,LONG,3397.5,3400.8975,14.716703,50.0,35.0,15.0,WIN,11635.0
110,PAXGUSDT,2025-07-23 01:25:00+00:00,2025-07-23 02:20:00+00:00,SHORT,3422.79,3419.3672,14.607966,50.0,35.0,15.0,WIN,11650.0
111,PAXGUSDT,2025-07-23 08:45:00+00:00,2025-07-23 09:10:00+00:00,LONG,3426.68,3430.1067,14.591383,50.0,35.0,15.0,WIN,11665.0
112,PAXGUSDT,2025-07-23 13:20:00+00:00,2025-07-23 13:20:00+00:00,SHORT,3415.29,3411.8747,14.640045,50.0,35.0,15.0,WIN,11680.0
113,PAXGUSDT,2025-07-24 01:30:00+00:00,2025-07-24 02:10:00+00:00,SHORT,3390.91,3387.5191,14.745304,50.0,35.0,15.0,WIN,11695.0
114,PAXGUSDT,2025-07-24 15:00:00+00:00,2025-08-04 13:50:00+00:00,LONG,3377.93,3381.3079,14.801965,50.0,35.0,15.0,WIN,11710.0
115,PAXGUSDT,2025-08-04 23:25:00+00:00,2025-08-05 02:15:00+00:00,LONG,3378.46,3381.8385,14.799642,50.0,35.0,15.0,WIN,11725.0
116,PAXGUSDT,2025-08-05 03:25:00+00:00,2025-08-05 05:00:00+00:00,SHORT,3375.2,3371.8248,14.813937,50.0,35.0,15.0,WIN,11740.0
117,PAXGUSDT,2025-08-05 13:45:00+00:00,2025-08-05 14:20:00+00:00,LONG,3375.81,3379.1858,14.81126,50.0,35.0,15.0,WIN,11755.0
118,PAXGUSDT,2025-08-05 23:50:00+00:00,2025-08-07 07:25:00+00:00,LONG,3382.8,3386.1828,14.780655,50.0,35.0,15.0,WIN,11770.0
119,PAXGUSDT,2025-08-07 11:10:00+00:00,2025-08-07 21:05:00+00:00,SHORT,3374.0,3370.626,14.819206,50.0,35.0,15.0,WIN,11785.0
120,PAXGUSDT,2025-08-08 01:15:00+00:00,2025-08-08 11:20:00+00:00,SHORT,3380.49,3377.1095,14.790755,50.0,35.0,15.0,WIN,11800.0
121,PAXGUSDT,2025-08-09 01:40:00+00:00,2025-08-28 08:35:00+00:00,LONG,3388.24,3391.6282,14.756924,50.0,35.0,15.0,WIN,11815.0
122,PAXGUSDT,2025-08-29 01:05:00+00:00,2025-08-29 01:35:00+00:00,SHORT,3411.18,3407.7688,14.657684,50.0,35.0,15.0,WIN,11830.0
123,PAXGUSDT,2025-08-29 09:35:00+00:00,2025-10-10 21:20:00+00:00,SHORT,3408.4,3404.9916,14.66964,50.0,35.0,15.0,WIN,11845.0
124,PAXGUSDT,2025-10-11 15:55:00+00:00,2025-10-11 16:05:00+00:00,SHORT,3986.2,3982.2138,12.543274,50.0,35.0,15.0,WIN,11860.0
125,PAXGUSDT,2025-10-12 00:25:00+00:00,2025-10-12 01:30:00+00:00,LONG,3993.71,3997.7037,12.519687,50.0,35.0,15.0,WIN,11875.0
126,PAXGUSDT,2025-10-12 15:30:00+00:00,2025-10-12 15:35:00+00:00,SHORT,4004.18,4000.1758,12.486951,50.0,35.0,15.0,WIN,11890.0
127,PAXGUSDT,2025-10-12 22:25:00+00:00,2025-10-12 22:25:00+00:00,LONG,4032.71,4036.7427,12.39861,50.0,35.0,15.0,WIN,11905.0
128,PAXGUSDT,2025-10-14 06:45:00+00:00,2025-10-14 06:45:00+00:00,SHORT,4113.58,4109.4664,12.154863,50.0,35.0,15.0,WIN,11920.0
129,PAXGUSDT,2025-10-14 17:00:00+00:00,2025-10-14 17:00:00+00:00,LONG,4151.54,4155.6915,12.043724,50.0,35.0,15.0,WIN,11935.0
130,PAXGUSDT,2025-10-15 19:35:00+00:00,2025-10-15 20:00:00+00:00,LONG,4228.5,4232.7285,11.824524,50.0,35.0,15.0,WIN,11950.0
131,PAXGUSDT,2025-10-16 05:55:00+00:00,2025-10-16 05:55:00+00:00,SHORT,4225.58,4221.3544,11.832695,50.0,35.0,15.0,WIN,11965.0
132,PAXGUSDT,2025-10-16 12:10:00+00:00,2025-10-16 12:35:00+00:00,LONG,4257.89,4262.1479,11.742906,50.0,35.0,15.0,WIN,11980.0
133,PAXGUSDT,2025-10-17 11:00:00+00:00,2025-10-17 11:10:00+00:00,SHORT,4372.94,4368.5671,11.433955,50.0,35.0,15.0,WIN,11995.0
134,PAXGUSDT,2025-10-18 17:45:00+00:00,2025-10-18 19:20:00+00:00,LONG,4256.18,4260.4362,11.747623,50.0,35.0,15.0,WIN,12010.0
135,PAXGUSDT,2025-10-19 00:40:00+00:00,2025-10-19 08:25:00+00:00,SHORT,4240.51,4236.2695,11.791035,50.0,35.0,15.0,WIN,12025.0
136,PAXGUSDT,2025-10-19 10:30:00+00:00,2025-10-19 22:05:00+00:00,LONG,4247.4,4251.6474,11.771908,50.0,35.0,15.0,WIN,12040.0
137,PAXGUSDT,2025-10-19 22:15:00+00:00,2025-10-19 22:15:00+00:00,LONG,4253.17,4257.4232,11.755937,50.0,35.0,15.0,WIN,12055.0
138,PAXGUSDT,2025-10-20 00:15:00+00:00,2025-10-20 00:25:00+00:00,SHORT,4220.53,4216.3095,11.846853,50.0,35.0,15.0,WIN,12070.0
139,PAXGUSDT,2025-10-20 01:30:00+00:00,2025-10-20 01:45:00+00:00,LONG,4253.33,4257.5833,11.755495,50.0,35.0,15.0,WIN,12085.0
140,PAXGUSDT,2025-10-20 08:50:00+00:00,2025-10-20 08:50:00+00:00,SHORT,4239.77,4235.5302,11.793093,50.0,35.0,15.0,WIN,12100.0
141,PAXGUSDT,2025-10-20 12:15:00+00:00,2025-10-20 12:15:00+00:00,LONG,4275.56,4279.8356,11.694375,50.0,35.0,15.0,WIN,12115.0
142,PAXGUSDT,2025-10-21 01:55:00+00:00,2025-10-21 02:05:00+00:00,SHORT,4350.4,4346.0496,11.493196,50.0,35.0,15.0,WIN,12130.0
143,PAXGUSDT,2025-10-22 05:25:00+00:00,2025-10-22 06:30:00+00:00,LONG,4145.35,4149.4954,12.061708,50.0,35.0,15.0,WIN,12145.0
144,PAXGUSDT,2025-10-22 09:20:00+00:00,2025-10-22 09:20:00+00:00,SHORT,4079.18,4075.1008,12.257365,50.0,35.0,15.0,WIN,12160.0
145,PAXGUSDT,2025-10-22 18:05:00+00:00,2025-10-22 18:15:00+00:00,LONG,4074.82,4078.8948,12.270481,50.0,35.0,15.0,WIN,12175.0
146,PAXGUSDT,2025-10-23 06:15:00+00:00,2025-10-23 13:00:00+00:00,LONG,4127.6,4131.7276,12.113577,50.0,35.0,15.0,WIN,12190.0
147,PAXGUSDT,2025-10-23 20:05:00+00:00,2025-10-23 20:05:00+00:00,SHORT,4111.3,4107.1887,12.161603,50.0,35.0,15.0,WIN,12205.0
148,PAXGUSDT,2025-10-24 04:25:00+00:00,2025-10-24 04:30:00+00:00,SHORT,4107.49,4103.3825,12.172884,50.0,35.0,15.0,WIN,12220.0
149,PAXGUSDT,2025-10-24 13:25:00+00:00,2025-10-24 13:35:00+00:00,LONG,4108.25,4112.3582,12.170632,50.0,35.0,15.0,WIN,12235.0
150,PAXGUSDT,2025-10-24 20:30:00+00:00,2025-10-26 22:00:00+00:00,SHORT,4091.17,4087.0788,12.221443,50.0,35.0,15.0,WIN,12250.0
151,PAXGUSDT,2025-10-27 06:35:00+00:00,2025-11-10 12:00:00+00:00,LONG,4078.96,4083.039,12.258027,50.0,35.0,15.0,WIN,12265.0
152,PAXGUSDT,2025-11-11 09:25:00+00:00,2025-11-12 15:10:00+00:00,LONG,4132.28,4136.4123,12.099858,50.0,35.0,15.0,WIN,12280.0
153,PAXGUSDT,2025-11-13 00:20:00+00:00,2025-11-13 01:15:00+00:00,SHORT,4173.75,4169.5762,11.979635,50.0,35.0,15.0,WIN,12295.0
154,PAXGUSDT,2025-11-13 03:50:00+00:00,2025-11-13 03:55:00+00:00,LONG,4192.83,4197.0228,11.92512,50.0,35.0,15.0,WIN,12310.0
155,PAXGUSDT,2025-11-13 14:50:00+00:00,2025-11-13 15:30:00+00:00,SHORT,4176.78,4172.6032,11.970944,50.0,35.0,15.0,WIN,12325.0
156,PAXGUSDT,2025-11-14 01:50:00+00:00,2025-11-14 01:50:00+00:00,LONG,4171.63,4175.8016,11.985723,50.0,35.0,15.0,WIN,12340.0
157,PAXGUSDT,2025-11-14 07:00:00+00:00,2025-11-14 07:00:00+00:00,SHORT,4158.65,4154.4913,12.023133,50.0,35.0,15.0,WIN,12355.0
158,PAXGUSDT,2025-11-14 23:25:00+00:00,2025-11-17 05:15:00+00:00,SHORT,4064.37,4060.3056,12.30203,50.0,35.0,15.0,WIN,12370.0
159,PAXGUSDT,2025-11-17 18:55:00+00:00,2025-11-17 19:00:00+00:00,SHORT,4050.38,4046.3296,12.344521,50.0,35.0,15.0,WIN,12385.0
160,PAXGUSDT,2025-11-18 08:55:00+00:00,2025-11-18 10:45:00+00:00,LONG,4034.98,4039.015,12.391635,50.0,35.0,15.0,WIN,12400.0
161,PAXGUSDT,2025-11-19 02:05:00+00:00,2025-11-19 17:00:00+00:00,SHORT,4052.49,4048.4375,12.338093,50.0,35.0,15.0,WIN,12415.0
162,PAXGUSDT,2025-11-19 23:40:00+00:00,2025-11-19 23:45:00+00:00,LONG,4087.66,4091.7477,12.231937,50.0,35.0,15.0,WIN,12430.0
163,PAXGUSDT,2025-11-20 02:15:00+00:00,2025-11-20 02:15:00+00:00,SHORT,4056.03,4051.974,12.327325,50.0,35.0,15.0,WIN,12445.0
164,PAXGUSDT,2025-11-20 10:15:00+00:00,2025-11-20 11:00:00+00:00,SHORT,4052.32,4048.2677,12.338611,50.0,35.0,15.0,WIN,12460.0
165,PAXGUSDT,2025-11-20 12:50:00+00:00,2025-11-20 13:00:00+00:00,LONG,4069.25,4073.3192,12.287277,50.0,35.0,15.0,WIN,12475.0
166,PAXGUSDT,2025-11-20 17:00:00+00:00,2025-11-20 17:05:00+00:00,SHORT,4040.51,4036.4695,12.374675,50.0,35.0,15.0,WIN,12490.0
167,PAXGUSDT,2025-11-20 23:25:00+00:00,2025-11-20 23:45:00+00:00,LONG,4075.39,4079.4654,12.268764,50.0,35.0,15.0,WIN,12505.0
168,PAXGUSDT,2025-11-21 12:55:00+00:00,2025-11-21 12:55:00+00:00,LONG,4052.16,4056.2122,12.339098,50.0,35.0,15.0,WIN,12520.0
169,PAXGUSDT,2025-11-21 20:55:00+00:00,2025-11-21 21:05:00+00:00,SHORT,4058.59,4054.5314,12.319549,50.0,35.0,15.0,WIN,12535.0
170,PAXGUSDT,2025-11-24 01:55:00+00:00,2025-11-24 01:55:00+00:00,SHORT,4039.19,4035.1508,12.378719,50.0,35.0,15.0,WIN,12550.0
171,PAXGUSDT,2025-11-24 08:20:00+00:00,2025-11-24 09:10:00+00:00,LONG,4057.15,4061.2072,12.323922,50.0,35.0,15.0,WIN,12565.0
172,PAXGUSDT,2025-11-25 08:55:00+00:00,2026-06-10 18:50:00+00:00,SHORT,4106.55,4102.4434,12.175671,50.0,35.0,15.0,WIN,12580.0
173,PAXGUSDT,2026-06-11 01:55:00+00:00,2026-06-11 07:20:00+00:00,LONG,4104.2,4108.3042,12.182642,50.0,35.0,15.0,WIN,12595.0
174,PAXGUSDT,2026-06-11 12:30:00+00:00,2026-06-11 12:30:00+00:00,SHORT,4069.2,4065.1308,12.287428,50.0,35.0,15.0,WIN,12610.0
175,PAXGUSDT,2026-06-11 16:15:00+00:00,2026-06-11 16:15:00+00:00,LONG,4103.51,4107.6135,12.184691,50.0,35.0,15.0,WIN,12625.0
176,PAXGUSDT,2026-06-11 17:35:00+00:00,2026-06-11 17:35:00+00:00,LONG,4145.9,4150.0459,12.060108,50.0,35.0,15.0,WIN,12640.0
177,PAXGUSDT,2026-06-12 02:50:00+00:00,2026-06-12 05:10:00+00:00,SHORT,4185.17,4180.9848,11.946946,50.0,35.0,15.0,WIN,12655.0
178,PAXGUSDT,2026-06-12 08:25:00+00:00,2026-06-12 08:55:00+00:00,LONG,4212.75,4216.9628,11.868732,50.0,35.0,15.0,WIN,12670.0
179,PAXGUSDT,2026-06-14 13:05:00+00:00,2026-06-14 13:25:00+00:00,SHORT,4222.96,4218.737,11.840036,50.0,35.0,15.0,WIN,12685.0
180,PAXGUSDT,2026-06-15 17:40:00+00:00,2026-06-15 18:00:00+00:00,SHORT,4314.51,4310.1955,11.588802,50.0,35.0,15.0,WIN,12700.0
181,PAXGUSDT,2026-06-16 03:45:00+00:00,2026-06-16 08:05:00+00:00,LONG,4322.78,4327.1028,11.566631,50.0,35.0,15.0,WIN,12715.0
182,PAXGUSDT,2026-06-16 15:20:00+00:00,2026-06-17 04:30:00+00:00,SHORT,4315.74,4311.4243,11.585499,50.0,35.0,15.0,WIN,12730.0
183,PAXGUSDT,2026-06-17 13:05:00+00:00,2026-06-17 13:20:00+00:00,LONG,4321.13,4325.4511,11.571047,50.0,35.0,15.0,WIN,12745.0
184,PAXGUSDT,2026-06-17 18:20:00+00:00,2026-06-17 18:20:00+00:00,SHORT,4300.57,4296.2694,11.626366,50.0,35.0,15.0,WIN,12760.0
185,PAXGUSDT,2026-06-18 01:30:00+00:00,2026-06-18 01:40:00+00:00,LONG,4309.89,4314.1999,11.601224,50.0,35.0,15.0,WIN,12775.0
186,PAXGUSDT,2026-06-18 07:55:00+00:00,2026-06-18 08:00:00+00:00,SHORT,4284.19,4279.9058,11.670818,50.0,35.0,15.0,WIN,12790.0
187,PAXGUSDT,2026-06-19 18:05:00+00:00,2026-06-20 15:15:00+00:00,LONG,4155.52,4159.6755,12.032189,50.0,35.0,15.0,WIN,12805.0
188,PAXGUSDT,2026-06-20 15:35:00+00:00,2026-06-21 06:30:00+00:00,LONG,4158.21,4162.3682,12.024405,50.0,35.0,15.0,WIN,12820.0
189,PAXGUSDT,2026-06-21 15:40:00+00:00,2026-06-22 00:15:00+00:00,LONG,4160.68,4164.8407,12.017266,50.0,35.0,15.0,WIN,12835.0
190,PAXGUSDT,2026-06-22 00:35:00+00:00,2026-06-22 00:35:00+00:00,LONG,4161.44,4165.6014,12.015072,50.0,35.0,15.0,WIN,12850.0
191,PAXGUSDT,2026-06-22 09:15:00+00:00,2026-06-22 09:50:00+00:00,LONG,4199.66,4203.8597,11.905726,50.0,35.0,15.0,WIN,12865.0
192,PAXGUSDT,2026-06-22 13:40:00+00:00,2026-06-22 13:40:00+00:00,SHORT,4186.99,4182.803,11.941753,50.0,35.0,15.0,WIN,12880.0
193,PAXGUSDT,2026-06-23 00:30:00+00:00,2026-06-23 01:15:00+00:00,SHORT,4177.47,4173.2925,11.968967,50.0,35.0,15.0,WIN,12895.0
194,PAXGUSDT,2026-06-23 01:35:00+00:00,2026-06-23 01:35:00+00:00,SHORT,4164.5,4160.3355,12.006243,50.0,35.0,15.0,WIN,12910.0
195,PAXGUSDT,2026-06-23 13:55:00+00:00,2026-06-23 14:05:00+00:00,LONG,4131.02,4135.151,12.103548,50.0,35.0,15.0,WIN,12925.0
196,PAXGUSDT,2026-06-24 11:05:00+00:00,2026-06-24 11:05:00+00:00,SHORT,4052.57,4048.5174,12.33785,50.0,35.0,15.0,WIN,12940.0
197,PAXGUSDT,2026-06-25 00:05:00+00:00,2026-06-25 12:45:00+00:00,LONG,4012.28,4016.2923,12.461742,50.0,35.0,15.0,WIN,12955.0
198,PAXGUSDT,2026-06-25 12:50:00+00:00,2026-06-25 12:50:00+00:00,LONG,4013.76,4017.7738,12.457147,50.0,35.0,15.0,WIN,12970.0
199,PAXGUSDT,2026-06-25 23:05:00+00:00,2026-06-25 23:45:00+00:00,SHORT,4020.94,4016.9191,12.434903,50.0,35.0,15.0,WIN,12985.0
200,PAXGUSDT,2026-06-26 07:05:00+00:00,2026-06-26 07:25:00+00:00,LONG,4027.08,4031.1071,12.415944,50.0,35.0,15.0,WIN,13000.0
201,PAXGUSDT,2026-06-27 17:40:00+00:00,2026-06-27 19:40:00+00:00,SHORT,4074.04,4069.966,12.27283,50.0,35.0,15.0,WIN,13015.0
202,PAXGUSDT,2026-06-28 15:15:00+00:00,2026-06-28 22:00:00+00:00,SHORT,4071.31,4067.2387,12.281059,50.0,35.0,15.0,WIN,13030.0
203,PAXGUSDT,2026-06-28 22:15:00+00:00,2026-06-28 22:15:00+00:00,SHORT,4064.42,4060.3556,12.301878,50.0,35.0,15.0,WIN,13045.0
204,PAXGUSDT,2026-06-29 08:50:00+00:00,2026-06-29 08:55:00+00:00,SHORT,4050.1,4046.0499,12.345374,50.0,35.0,15.0,WIN,13060.0
205,PAXGUSDT,2026-06-30 06:50:00+00:00,2026-06-30 14:05:00+00:00,LONG,4029.85,4033.8798,12.40741,50.0,35.0,15.0,WIN,13075.0
206,PAXGUSDT,2026-06-30 20:35:00+00:00,2026-06-30 20:55:00+00:00,SHORT,4008.31,4004.3017,12.474085,50.0,35.0,15.0,WIN,13090.0
