trade_id,symbol,timeframe,side,entry_time,exit_time,entry,exit,size,close_pct,remaining_size,is_partial,gross,fee,net,result
1,SOL,M15,SHORT,2025-08-01 00:00,2025-08-01 00:45,170.89,167.4722,330.0,33.0,670.0,YES,6.6,0.2333,6.3667,TP1
1,SOL,M15,SHORT,2025-08-01 00:00,2025-08-01 02:00,170.89,170.89,670.0,67.0,0.0,NO,0.0,0.4784,-0.4784,BE
2,SOL,M15,LONG,2025-08-03 15:30,2025-08-04 13:45,161.96,165.1992,330.0,33.0,670.0,YES,6.6,0.238,6.362,TP1
2,SOL,M15,LONG,2025-08-03 15:30,2025-08-04 16:15,161.96,167.6286,330.0,33.0,340.0,YES,11.55,0.2397,11.3103,TP2
2,SOL,M15,LONG,2025-08-03 15:30,2025-08-05 14:30,161.96,164.07,340.0,34.0,0.0,NO,4.4295,0.2443,4.1851,REV
3,SOL,M15,SHORT,2025-08-05 14:30,2025-08-06 14:45,164.07,167.79,1000.0,100.0,0.0,NO,-22.6732,0.7221,-23.3953,REV
4,SOL,M15,LONG,2025-08-06 14:45,2025-08-07 10:00,167.79,171.1458,330.0,33.0,670.0,YES,6.6,0.238,6.362,TP1
4,SOL,M15,LONG,2025-08-06 14:45,2025-08-07 16:45,167.79,167.79,670.0,67.0,0.0,NO,0.0,0.4784,-0.4784,BE
5,SOL,M15,SHORT,2025-08-10 07:15,2025-08-10 19:15,180.63,182.63,1000.0,100.0,0.0,NO,-11.0724,0.718,-11.7903,REV
6,SOL,M15,LONG,2025-08-10 19:15,2025-08-11 00:45,182.63,181.41,1000.0,100.0,0.0,NO,-6.6802,0.7116,-7.3918,REV
7,SOL,M15,SHORT,2025-08-11 00:45,2025-08-11 03:00,181.41,185.07,1000.0,100.0,0.0,NO,-20.1753,0.7212,-20.8965,REV
8,SOL,M15,LONG,2025-08-11 03:00,2025-08-11 11:30,185.07,178.59255,1000.0,100.0,0.0,NO,-35.0,0.7015,-35.7015,SL
9,SOL,M15,SHORT,2025-08-11 12:00,2025-08-11 21:30,178.97,175.3906,330.0,33.0,670.0,YES,6.6,0.2333,6.3667,TP1
9,SOL,M15,SHORT,2025-08-11 12:00,2025-08-12 14:45,178.97,178.97,670.0,67.0,0.0,NO,0.0,0.4784,-0.4784,BE
10,SOL,M15,LONG,2025-08-12 15:30,2025-08-12 16:30,180.72,184.3344,330.0,33.0,670.0,YES,6.6,0.238,6.362,TP1
10,SOL,M15,LONG,2025-08-12 15:30,2025-08-12 18:00,180.72,187.0452,330.0,33.0,340.0,YES,11.55,0.2397,11.3103,TP2
10,SOL,M15,LONG,2025-08-12 15:30,2025-08-14 13:30,180.72,194.23,340.0,34.0,0.0,NO,25.4172,0.2518,25.1654,REV
11,SOL,M15,SHORT,2025-08-14 13:30,2025-08-14 21:15,194.23,190.3454,330.0,33.0,670.0,YES,6.6,0.2333,6.3667,TP1
11,SOL,M15,SHORT,2025-08-14 13:30,2025-08-14 21:30,194.23,187.43195,330.0,33.0,340.0,YES,11.55,0.2315,11.3185,TP2
11,SOL,M15,SHORT,2025-08-14 13:30,2025-08-15 01:45,194.23,194.23,340.0,34.0,0.0,NO,0.0,0.2428,-0.2428,BE
12,SOL,M15,LONG,2025-08-16 13:45,2025-08-17 02:30,187.32,191.0664,330.0,33.0,670.0,YES,6.6,0.238,6.362,TP1
12,SOL,M15,LONG,2025-08-16 13:45,2025-08-17 14:30,187.32,193.8762,330.0,33.0,340.0,YES,11.55,0.2397,11.3103,TP2
12,SOL,M15,LONG,2025-08-16 13:45,2025-08-18 01:30,187.32,187.32,340.0,34.0,0.0,NO,0.0,0.2428,-0.2428,BE
13,SOL,M15,SHORT,2025-08-18 01:30,2025-08-18 02:45,187.46,183.7108,330.0,33.0,670.0,YES,6.6,0.2333,6.3667,TP1
13,SOL,M15,SHORT,2025-08-18 01:30,2025-08-18 06:15,187.46,180.8989,330.0,33.0,340.0,YES,11.55,0.2315,11.3185,TP2
13,SOL,M15,SHORT,2025-08-18 01:30,2025-08-20 12:30,187.46,181.84,340.0,34.0,0.0,NO,10.1931,0.2391,9.954,REV
14,SOL,M15,LONG,2025-08-20 12:30,2025-08-20 17:30,181.84,185.4768,330.0,33.0,670.0,YES,6.6,0.238,6.362,TP1
14,SOL,M15,LONG,2025-08-20 12:30,2025-08-21 00:00,181.84,188.2044,330.0,33.0,340.0,YES,11.55,0.2397,11.3103,TP2
14,SOL,M15,LONG,2025-08-20 12:30,2025-08-21 15:45,181.84,181.84,340.0,34.0,0.0,NO,0.0,0.2428,-0.2428,BE
15,SOL,M15,SHORT,2025-08-21 16:15,2025-08-22 12:30,181.58,177.9484,330.0,33.0,670.0,YES,6.6,0.2333,6.3667,TP1
15,SOL,M15,SHORT,2025-08-21 16:15,2025-08-22 14:00,181.58,181.58,670.0,67.0,0.0,NO,0.0,0.4784,-0.4784,BE
16,SOL,M15,LONG,2025-08-22 14:15,2025-08-22 15:00,189.17,192.9534,330.0,33.0,670.0,YES,6.6,0.238,6.362,TP1
16,SOL,M15,LONG,2025-08-22 14:15,2025-08-22 16:00,189.17,195.79095,330.0,33.0,340.0,YES,11.55,0.2397,11.3103,TP2
16,SOL,M15,LONG,2025-08-22 14:15,2025-08-24 22:30,189.17,203.59,340.0,34.0,0.0,NO,25.9174,0.252,25.6654,REV
17,SOL,M15,SHORT,2025-08-24 22:30,2025-08-25 02:15,203.59,210.71565,1000.0,100.0,0.0,NO,-35.0,0.7265,-35.7265,SL
18,SOL,M15,LONG,2025-08-26 17:45,2025-08-26 19:45,193.64,197.5128,330.0,33.0,670.0,YES,6.6,0.238,6.362,TP1
18,SOL,M15,LONG,2025-08-26 17:45,2025-08-27 03:45,193.64,200.4174,330.0,33.0,340.0,YES,11.55,0.2397,11.3103,TP2
18,SOL,M15,LONG,2025-08-26 17:45,2025-08-29 07:45,193.64,208.73,340.0,34.0,0.0,NO,26.4956,0.2522,26.2433,REV
19,SOL,M15,SHORT,2025-08-29 07:45,2025-08-29 15:45,208.73,204.5554,330.0,33.0,670.0,YES,6.6,0.2333,6.3667,TP1
19,SOL,M15,SHORT,2025-08-29 07:45,2025-08-29 18:15,208.73,201.42445,330.0,33.0,340.0,YES,11.55,0.2315,11.3185,TP2
19,SOL,M15,SHORT,2025-08-29 07:45,2025-08-31 08:45,208.73,205.71,340.0,34.0,0.0,NO,4.9193,0.241,4.6783,REV
20,SOL,M15,LONG,2025-08-31 08:45,2025-08-31 23:15,205.71,202.35,1000.0,100.0,0.0,NO,-16.3337,0.7082,-17.0418,REV
21,SOL,M15,SHORT,2025-08-31 23:15,2025-09-01 02:15,202.35,198.303,330.0,33.0,670.0,YES,6.6,0.2333,6.3667,TP1
21,SOL,M15,SHORT,2025-08-31 23:15,2025-09-01 07:45,202.35,202.35,670.0,67.0,0.0,NO,0.0,0.4784,-0.4784,BE
22,SOL,M15,LONG,2025-09-02 02:15,2025-09-02 06:00,199.78,203.7756,330.0,33.0,670.0,YES,6.6,0.238,6.362,TP1
22,SOL,M15,LONG,2025-09-02 02:15,2025-09-02 12:30,199.78,199.78,670.0,67.0,0.0,NO,0.0,0.4784,-0.4784,BE
23,SOL,M15,SHORT,2025-09-04 05:00,2025-09-04 18:30,206.5,202.37,330.0,33.0,670.0,YES,6.6,0.2333,6.3667,TP1
23,SOL,M15,SHORT,2025-09-04 05:00,2025-09-05 07:15,206.5,206.5,670.0,67.0,0.0,NO,0.0,0.4784,-0.4784,BE
24,SOL,M15,LONG,2025-09-05 12:15,2025-09-06 04:30,207.81,203.12,1000.0,100.0,0.0,NO,-22.5687,0.7059,-23.2746,REV
25,SOL,M15,SHORT,2025-09-06 04:30,2025-09-07 09:15,203.12,203.41,1000.0,100.0,0.0,NO,-1.4277,0.7145,-2.1422,REV
26,SOL,M15,LONG,2025-09-07 09:15,2025-09-07 23:00,203.41,207.4782,330.0,33.0,670.0,YES,6.6,0.238,6.362,TP1
26,SOL,M15,LONG,2025-09-07 09:15,2025-09-08 09:45,203.41,210.52935,330.0,33.0,340.0,YES,11.55,0.2397,11.3103,TP2
26,SOL,M15,LONG,2025-09-07 09:15,2025-09-09 15:30,203.41,212.13,340.0,34.0,0.0,NO,14.5755,0.248,14.3275,REV
27,SOL,M15,SHORT,2025-09-09 15:30,2025-09-09 20:45,212.13,216.22,1000.0,100.0,0.0,NO,-19.2806,0.7209,-20.0015,REV
28,SOL,M15,LONG,2025-09-09 20:45,2025-09-10 07:15,216.22,220.5444,330.0,33.0,670.0,YES,6.6,0.238,6.362,TP1
28,SOL,M15,LONG,2025-09-09 20:45,2025-09-10 12:30,216.22,223.7877,330.0,33.0,340.0,YES,11.55,0.2397,11.3103,TP2
28,SOL,M15,LONG,2025-09-09 20:45,2025-09-13 16:30,216.22,238.39,340.0,34.0,0.0,NO,34.8617,0.2552,34.6065,REV
29,SOL,M15,SHORT,2025-09-13 16:30,2025-09-14 02:00,238.39,246.73365,1000.0,100.0,0.0,NO,-35.0,0.7265,-35.7265,SL
30,SOL,M15,LONG,2025-09-14 02:15,2025-09-14 23:00,246.79,241.28,1000.0,100.0,0.0,NO,-22.3267,0.706,-23.0327,REV
31,SOL,M15,SHORT,2025-09-14 23:00,2025-09-15 07:30,241.28,236.4544,330.0,33.0,670.0,YES,6.6,0.2333,6.3667,TP1
31,SOL,M15,SHORT,2025-09-14 23:00,2025-09-15 08:45,241.28,232.8352,330.0,33.0,340.0,YES,11.55,0.2315,11.3185,TP2
31,SOL,M15,SHORT,2025-09-14 23:00,2025-09-16 06:30,241.28,235.1,340.0,34.0,0.0,NO,8.7086,0.2397,8.4689,REV
32,SOL,M15,LONG,2025-09-16 06:30,2025-09-16 17:15,235.1,239.802,330.0,33.0,670.0,YES,6.6,0.238,6.362,TP1
32,SOL,M15,LONG,2025-09-16 06:30,2025-09-17 03:30,235.1,235.1,670.0,67.0,0.0,NO,0.0,0.4784,-0.4784,BE
33,SOL,M15,SHORT,2025-09-17 04:45,2025-09-17 07:45,233.67,237.63,1000.0,100.0,0.0,NO,-16.947,0.7201,-17.667,REV
34,SOL,M15,LONG,2025-09-17 07:45,2025-09-17 13:30,237.63,234.35,1000.0,100.0,0.0,NO,-13.803,0.7091,-14.512,REV
35,SOL,M15,SHORT,2025-09-17 13:30,2025-09-17 21:00,234.35,237.94,1000.0,100.0,0.0,NO,-15.319,0.7195,-16.0384,REV
36,SOL,M15,LONG,2025-09-17 21:00,2025-09-17 22:00,237.94,242.6988,330.0,33.0,670.0,YES,6.6,0.238,6.362,TP1
36,SOL,M15,LONG,2025-09-17 21:00,2025-09-17 23:00,237.94,246.2679,330.0,33.0,340.0,YES,11.55,0.2397,11.3103,TP2
36,SOL,M15,LONG,2025-09-17 21:00,2025-09-19 06:30,237.94,244.62,340.0,34.0,0.0,NO,9.5453,0.2462,9.2991,REV
37,SOL,M15,SHORT,2025-09-19 06:30,2025-09-19 14:45,244.62,239.7276,330.0,33.0,670.0,YES,6.6,0.2333,6.3667,TP1
37,SOL,M15,SHORT,2025-09-19 06:30,2025-09-19 15:00,244.62,236.0583,330.0,33.0,340.0,YES,11.55,0.2315,11.3185,TP2
37,SOL,M15,SHORT,2025-09-19 06:30,2025-09-20 15:15,244.62,240.65,340.0,34.0,0.0,NO,5.5179,0.2408,5.2772,REV
38,SOL,M15,LONG,2025-09-20 15:15,2025-09-21 17:15,240.65,236.58,1000.0,100.0,0.0,NO,-16.9125,0.708,-17.6205,REV
39,SOL,M15,SHORT,2025-09-21 17:15,2025-09-22 00:45,236.58,231.8484,330.0,33.0,670.0,YES,6.6,0.2333,6.3667,TP1
39,SOL,M15,SHORT,2025-09-21 17:15,2025-09-22 05:45,236.58,228.2997,330.0,33.0,340.0,YES,11.55,0.2315,11.3185,TP2
39,SOL,M15,SHORT,2025-09-21 17:15,2025-09-26 17:45,236.58,201.25,340.0,34.0,0.0,NO,50.7744,0.2246,50.5497,REV
40,SOL,M15,LONG,2025-09-26 17:45,2025-09-26 23:45,201.25,205.275,330.0,33.0,670.0,YES,6.6,0.238,6.362,TP1
40,SOL,M15,LONG,2025-09-26 17:45,2025-09-27 08:00,201.25,201.25,670.0,67.0,0.0,NO,0.0,0.4784,-0.4784,BE
41,SOL,M15,SHORT,2025-09-28 01:45,2025-09-28 16:15,201.02,203.68,1000.0,100.0,0.0,NO,-13.2325,0.7187,-13.9512,REV
42,SOL,M15,LONG,2025-09-28 16:15,2025-09-28 22:00,203.68,207.7536,330.0,33.0,670.0,YES,6.6,0.238,6.362,TP1
42,SOL,M15,LONG,2025-09-28 16:15,2025-09-28 23:45,203.68,210.8088,330.0,33.0,340.0,YES,11.55,0.2397,11.3103,TP2
42,SOL,M15,LONG,2025-09-28 16:15,2025-09-30 11:15,203.68,206.13,340.0,34.0,0.0,NO,4.0897,0.2442,3.8455,REV
43,SOL,M15,SHORT,2025-09-30 11:15,2025-10-01 06:15,206.13,208.52,1000.0,100.0,0.0,NO,-11.5946,0.7181,-12.3128,REV
44,SOL,M15,LONG,2025-10-01 06:15,2025-10-01 08:30,208.52,212.6904,330.0,33.0,670.0,YES,6.6,0.238,6.362,TP1
44,SOL,M15,LONG,2025-10-01 06:15,2025-10-01 08:45,208.52,215.8182,330.0,33.0,340.0,YES,11.55,0.2397,11.3103,TP2
44,SOL,M15,LONG,2025-10-01 06:15,2025-10-04 01:45,208.52,230.23,340.0,34.0,0.0,NO,35.399,0.2554,35.1436,REV
45,SOL,M15,SHORT,2025-10-04 01:45,2025-10-04 15:15,230.23,225.6254,330.0,33.0,670.0,YES,6.6,0.2333,6.3667,TP1
45,SOL,M15,SHORT,2025-10-04 01:45,2025-10-05 02:30,230.23,230.23,670.0,67.0,0.0,NO,0.0,0.4784,-0.4784,BE
46,SOL,M15,LONG,2025-10-05 04:30,2025-10-05 07:15,232.11,236.7522,330.0,33.0,670.0,YES,6.6,0.238,6.362,TP1
46,SOL,M15,LONG,2025-10-05 04:30,2025-10-05 09:45,232.11,232.11,670.0,67.0,0.0,NO,0.0,0.4784,-0.4784,BE
47,SOL,M15,SHORT,2025-10-06 00:45,2025-10-06 10:15,228.57,232.71,1000.0,100.0,0.0,NO,-18.1126,0.7205,-18.8331,REV
48,SOL,M15,LONG,2025-10-06 10:15,2025-10-06 17:30,232.71,237.3642,330.0,33.0,670.0,YES,6.6,0.238,6.362,TP1
48,SOL,M15,LONG,2025-10-06 10:15,2025-10-06 21:15,232.71,232.71,670.0,67.0,0.0,NO,0.0,0.4784,-0.4784,BE
49,SOL,M15,SHORT,2025-10-07 06:45,2025-10-07 14:00,230.28,225.6744,330.0,33.0,670.0,YES,6.6,0.2333,6.3667,TP1
49,SOL,M15,SHORT,2025-10-07 06:45,2025-10-07 15:00,230.28,222.2202,330.0,33.0,340.0,YES,11.55,0.2315,11.3185,TP2
49,SOL,M15,SHORT,2025-10-07 06:45,2025-10-08 17:00,230.28,224.99,340.0,34.0,0.0,NO,7.8105,0.24,7.5705,REV
50,SOL,M15,LONG,2025-10-08 17:00,2025-10-08 18:45,224.99,229.4898,330.0,33.0,670.0,YES,6.6,0.238,6.362,TP1
50,SOL,M15,LONG,2025-10-08 17:00,2025-10-09 02:45,224.99,224.99,670.0,67.0,0.0,NO,0.0,0.4784,-0.4784,BE
51,SOL,M15,SHORT,2025-10-09 14:30,2025-10-10 13:00,219.98,221.73,1000.0,100.0,0.0,NO,-7.9553,0.7168,-8.6721,REV
52,SOL,M15,LONG,2025-10-10 13:00,2025-10-10 15:15,221.73,213.96945,1000.0,100.0,0.0,NO,-35.0,0.7015,-35.7015,SL
53,SOL,M15,SHORT,2025-10-10 15:45,2025-10-10 19:15,210.58,206.3684,330.0,33.0,670.0,YES,6.6,0.2333,6.3667,TP1
53,SOL,M15,SHORT,2025-10-10 15:45,2025-10-10 19:15,210.58,203.2097,330.0,33.0,340.0,YES,11.55,0.2315,11.3185,TP2
53,SOL,M15,SHORT,2025-10-10 15:45,2025-10-12 15:45,210.58,190.96,340.0,34.0,0.0,NO,31.6782,0.2315,31.4468,REV
54,SOL,M15,LONG,2025-10-12 15:45,2025-10-12 16:00,190.96,194.7792,330.0,33.0,670.0,YES,6.6,0.238,6.362,TP1
54,SOL,M15,LONG,2025-10-12 15:45,2025-10-12 20:45,190.96,197.6436,330.0,33.0,340.0,YES,11.55,0.2397,11.3103,TP2
54,SOL,M15,LONG,2025-10-12 15:45,2025-10-13 11:15,190.96,190.96,340.0,34.0,0.0,NO,0.0,0.2428,-0.2428,BE
55,SOL,M15,SHORT,2025-10-14 15:00,2025-10-14 15:45,194.93,201.75255,1000.0,100.0,0.0,NO,-35.0,0.7265,-35.7265,SL
56,SOL,M15,LONG,2025-10-15 04:00,2025-10-15 08:00,201.3,205.326,330.0,33.0,670.0,YES,6.6,0.238,6.362,TP1
56,SOL,M15,LONG,2025-10-15 04:00,2025-10-15 08:30,201.3,208.3455,330.0,33.0,340.0,YES,11.55,0.2397,11.3103,TP2
56,SOL,M15,LONG,2025-10-15 04:00,2025-10-15 13:00,201.3,201.3,340.0,34.0,0.0,NO,0.0,0.2428,-0.2428,BE
57,SOL,M15,SHORT,2025-10-15 15:45,2025-10-15 20:30,197.07,193.1286,330.0,33.0,670.0,YES,6.6,0.2333,6.3667,TP1
57,SOL,M15,SHORT,2025-10-15 15:45,2025-10-16 09:30,197.07,190.17255,330.0,33.0,340.0,YES,11.55,0.2315,11.3185,TP2
57,SOL,M15,SHORT,2025-10-15 15:45,2025-10-16 11:00,197.07,197.07,340.0,34.0,0.0,NO,0.0,0.2428,-0.2428,BE
58,SOL,M15,LONG,2025-10-18 04:15,2025-10-18 07:00,184.1,187.782,330.0,33.0,670.0,YES,6.6,0.238,6.362,TP1
58,SOL,M15,LONG,2025-10-18 04:15,2025-10-18 14:00,184.1,184.1,670.0,67.0,0.0,NO,0.0,0.4784,-0.4784,BE
59,SOL,M15,SHORT,2025-10-21 01:45,2025-10-21 05:00,186.64,182.9072,330.0,33.0,670.0,YES,6.6,0.2333,6.3667,TP1
59,SOL,M15,SHORT,2025-10-21 01:45,2025-10-21 10:45,186.64,186.64,670.0,67.0,0.0,NO,0.0,0.4784,-0.4784,BE
60,SOL,M15,LONG,2025-10-21 15:00,2025-10-21 16:15,193.54,197.4108,330.0,33.0,670.0,YES,6.6,0.238,6.362,TP1
60,SOL,M15,LONG,2025-10-21 15:00,2025-10-21 16:45,193.54,193.54,670.0,67.0,0.0,NO,0.0,0.4784,-0.4784,BE
61,SOL,M15,SHORT,2025-10-22 09:45,2025-10-22 18:00,183.91,180.2318,330.0,33.0,670.0,YES,6.6,0.2333,6.3667,TP1
61,SOL,M15,SHORT,2025-10-22 09:45,2025-10-22 19:45,183.91,177.47315,330.0,33.0,340.0,YES,11.55,0.2315,11.3185,TP2
61,SOL,M15,SHORT,2025-10-22 09:45,2025-10-23 04:30,183.91,183.91,340.0,34.0,0.0,NO,0.0,0.2428,-0.2428,BE
62,SOL,M15,LONG,2025-10-23 06:45,2025-10-23 13:30,187.34,191.0868,330.0,33.0,670.0,YES,6.6,0.238,6.362,TP1
62,SOL,M15,LONG,2025-10-23 06:45,2025-10-24 00:45,187.34,193.8969,330.0,33.0,340.0,YES,11.55,0.2397,11.3103,TP2
62,SOL,M15,LONG,2025-10-23 06:45,2025-10-24 15:15,187.34,189.7,340.0,34.0,0.0,NO,4.2831,0.2443,4.0388,REV
63,SOL,M15,SHORT,2025-10-24 15:15,2025-10-24 19:00,189.7,192.47,1000.0,100.0,0.0,NO,-14.602,0.7192,-15.3212,REV
64,SOL,M15,LONG,2025-10-24 19:00,2025-10-26 02:45,192.47,192.16,1000.0,100.0,0.0,NO,-1.6106,0.7134,-2.3241,REV
65,SOL,M15,SHORT,2025-10-26 02:45,2025-10-26 07:30,192.16,194.12,1000.0,100.0,0.0,NO,-10.1998,0.7176,-10.9175,REV
66,SOL,M15,LONG,2025-10-26 07:30,2025-10-26 12:00,194.12,198.0024,330.0,33.0,670.0,YES,6.6,0.238,6.362,TP1
66,SOL,M15,LONG,2025-10-26 07:30,2025-10-26 22:00,194.12,200.9142,330.0,33.0,340.0,YES,11.55,0.2397,11.3103,TP2
66,SOL,M15,LONG,2025-10-26 07:30,2025-10-27 21:15,194.12,197.94,340.0,34.0,0.0,NO,6.6907,0.2451,6.4456,REV
67,SOL,M15,SHORT,2025-10-27 21:15,2025-10-28 07:30,197.94,202.58,1000.0,100.0,0.0,NO,-23.4414,0.7224,-24.1638,REV
68,SOL,M15,LONG,2025-10-28 07:30,2025-10-28 15:00,202.58,200.25,1000.0,100.0,0.0,NO,-11.5016,0.7099,-12.2115,REV
69,SOL,M15,SHORT,2025-10-28 15:00,2025-10-28 19:45,200.25,196.245,330.0,33.0,670.0,YES,6.6,0.2333,6.3667,TP1
69,SOL,M15,SHORT,2025-10-28 15:00,2025-10-28 20:00,200.25,193.24125,330.0,33.0,340.0,YES,11.55,0.2315,11.3185,TP2
69,SOL,M15,SHORT,2025-10-28 15:00,2025-10-29 13:00,200.25,200.25,340.0,34.0,0.0,NO,0.0,0.2428,-0.2428,BE
70,SOL,M15,LONG,2025-10-29 13:30,2025-10-29 18:30,200.24,193.2316,1000.0,100.0,0.0,NO,-35.0,0.7015,-35.7015,SL
71,SOL,M15,SHORT,2025-10-30 04:45,2025-10-30 12:30,191.71,187.8758,330.0,33.0,670.0,YES,6.6,0.2333,6.3667,TP1
71,SOL,M15,SHORT,2025-10-30 04:45,2025-10-30 13:30,191.71,185.00015,330.0,33.0,340.0,YES,11.55,0.2315,11.3185,TP2
71,SOL,M15,SHORT,2025-10-30 04:45,2025-10-31 13:45,191.71,188.26,340.0,34.0,0.0,NO,6.1186,0.2406,5.878,REV
72,SOL,M15,LONG,2025-10-31 13:45,2025-11-01 09:45,188.26,185.75,1000.0,100.0,0.0,NO,-13.3326,0.7092,-14.0419,REV
73,SOL,M15,SHORT,2025-11-01 09:45,2025-11-02 16:15,185.75,182.035,330.0,33.0,670.0,YES,6.6,0.2333,6.3667,TP1
73,SOL,M15,SHORT,2025-11-01 09:45,2025-11-02 21:45,185.75,185.75,670.0,67.0,0.0,NO,0.0,0.4784,-0.4784,BE
74,SOL,M15,LONG,2025-11-03 00:00,2025-11-03 02:30,188.67,183.71,1000.0,100.0,0.0,NO,-26.2893,0.7046,-26.9939,REV
75,SOL,M15,SHORT,2025-11-03 02:30,2025-11-03 03:30,183.71,180.0358,330.0,33.0,670.0,YES,6.6,0.2333,6.3667,TP1
75,SOL,M15,SHORT,2025-11-03 02:30,2025-11-03 03:45,183.71,177.28015,330.0,33.0,340.0,YES,11.55,0.2315,11.3185,TP2
75,SOL,M15,SHORT,2025-11-03 02:30,2025-11-05 15:15,183.71,158.68,340.0,34.0,0.0,NO,46.3241,0.2262,46.0979,REV
76,SOL,M15,LONG,2025-11-05 15:15,2025-11-05 16:45,158.68,161.8536,330.0,33.0,670.0,YES,6.6,0.238,6.362,TP1
76,SOL,M15,LONG,2025-11-05 15:15,2025-11-06 07:00,158.68,158.68,670.0,67.0,0.0,NO,0.0,0.4784,-0.4784,BE
77,SOL,M15,SHORT,2025-11-06 14:45,2025-11-06 16:30,157.72,154.5656,330.0,33.0,670.0,YES,6.6,0.2333,6.3667,TP1
77,SOL,M15,SHORT,2025-11-06 14:45,2025-11-06 18:30,157.72,157.72,670.0,67.0,0.0,NO,0.0,0.4784,-0.4784,BE
78,SOL,M15,LONG,2025-11-07 17:30,2025-11-07 19:30,160.85,164.067,330.0,33.0,670.0,YES,6.6,0.238,6.362,TP1
78,SOL,M15,LONG,2025-11-07 17:30,2025-11-08 00:30,160.85,160.85,670.0,67.0,0.0,NO,0.0,0.4784,-0.4784,BE
79,SOL,M15,SHORT,2025-11-08 15:00,2025-11-09 12:45,157.25,159.03,1000.0,100.0,0.0,NO,-11.3196,0.718,-12.0376,REV
80,SOL,M15,LONG,2025-11-09 12:45,2025-11-09 14:15,159.03,162.2106,330.0,33.0,670.0,YES,6.6,0.238,6.362,TP1
80,SOL,M15,LONG,2025-11-09 12:45,2025-11-09 19:15,159.03,164.59605,330.0,33.0,340.0,YES,11.55,0.2397,11.3103,TP2
80,SOL,M15,LONG,2025-11-09 12:45,2025-11-11 05:45,159.03,165.02,340.0,34.0,0.0,NO,12.8064,0.2473,12.5591,REV
81,SOL,M15,SHORT,2025-11-11 05:45,2025-11-11 14:45,165.02,161.7196,330.0,33.0,670.0,YES,6.6,0.2333,6.3667,TP1
81,SOL,M15,SHORT,2025-11-11 05:45,2025-11-11 17:30,165.02,159.2443,330.0,33.0,340.0,YES,11.55,0.2315,11.3185,TP2
81,SOL,M15,SHORT,2025-11-11 05:45,2025-11-15 18:00,165.02,143.16,340.0,34.0,0.0,NO,45.0394,0.2267,44.8127,REV
82,SOL,M15,LONG,2025-11-15 18:00,2025-11-15 23:00,143.16,139.7,1000.0,100.0,0.0,NO,-24.1688,0.7054,-24.8741,REV
83,SOL,M15,SHORT,2025-11-15 23:00,2025-11-16 09:45,139.7,143.19,1000.0,100.0,0.0,NO,-24.9821,0.7229,-25.705,REV
84,SOL,M15,LONG,2025-11-16 09:45,2025-11-16 13:45,143.19,139.38,1000.0,100.0,0.0,NO,-26.608,0.7045,-27.3125,REV
85,SOL,M15,SHORT,2025-11-16 13:45,2025-11-16 16:00,139.38,136.5924,330.0,33.0,670.0,YES,6.6,0.2333,6.3667,TP1
85,SOL,M15,SHORT,2025-11-16 13:45,2025-11-16 17:45,139.38,134.5017,330.0,33.0,340.0,YES,11.55,0.2315,11.3185,TP2
85,SOL,M15,SHORT,2025-11-16 13:45,2025-11-17 00:30,139.38,139.38,340.0,34.0,0.0,NO,0.0,0.2428,-0.2428,BE
86,SOL,M15,LONG,2025-11-17 09:45,2025-11-17 14:00,141.92,136.9528,1000.0,100.0,0.0,NO,-35.0,0.7015,-35.7015,SL
87,SOL,M15,SHORT,2025-11-17 17:00,2025-11-17 17:45,134.64,131.9472,330.0,33.0,670.0,YES,6.6,0.2333,6.3667,TP1
87,SOL,M15,SHORT,2025-11-17 17:00,2025-11-17 19:00,134.64,129.9276,330.0,33.0,340.0,YES,11.55,0.2315,11.3185,TP2
87,SOL,M15,SHORT,2025-11-17 17:00,2025-11-18 02:30,134.64,134.64,340.0,34.0,0.0,NO,0.0,0.2428,-0.2428,BE
88,SOL,M15,LONG,2025-11-18 13:45,2025-11-18 15:15,138.24,141.0048,330.0,33.0,670.0,YES,6.6,0.238,6.362,TP1
88,SOL,M15,LONG,2025-11-18 13:45,2025-11-19 05:00,138.24,138.24,670.0,67.0,0.0,NO,0.0,0.4784,-0.4784,BE
89,SOL,M15,SHORT,2025-11-19 13:30,2025-11-19 15:45,137.72,134.9656,330.0,33.0,670.0,YES,6.6,0.2333,6.3667,TP1
89,SOL,M15,SHORT,2025-11-19 13:30,2025-11-19 16:45,137.72,132.8998,330.0,33.0,340.0,YES,11.55,0.2315,11.3185,TP2
89,SOL,M15,SHORT,2025-11-19 13:30,2025-11-20 00:30,137.72,137.72,340.0,34.0,0.0,NO,0.0,0.2428,-0.2428,BE
90,SOL,M15,LONG,2025-11-20 02:15,2025-11-20 16:00,142.95,137.94675,1000.0,100.0,0.0,NO,-35.0,0.7015,-35.7015,SL
91,SOL,M15,SHORT,2025-11-20 19:00,2025-11-21 07:15,132.11,129.4678,330.0,33.0,670.0,YES,6.6,0.2333,6.3667,TP1
91,SOL,M15,SHORT,2025-11-20 19:00,2025-11-21 07:30,132.11,127.48615,330.0,33.0,340.0,YES,11.55,0.2315,11.3185,TP2
91,SOL,M15,SHORT,2025-11-20 19:00,2025-11-22 07:30,132.11,127.79,340.0,34.0,0.0,NO,11.118,0.2388,10.8792,REV
92,SOL,M15,LONG,2025-11-22 07:30,2025-11-22 14:45,127.79,127.04,1000.0,100.0,0.0,NO,-5.869,0.7119,-6.5809,REV
93,SOL,M15,SHORT,2025-11-22 14:45,2025-11-23 01:45,127.04,129.34,1000.0,100.0,0.0,NO,-18.1045,0.7205,-18.825,REV
94,SOL,M15,LONG,2025-11-23 01:45,2025-11-23 14:00,129.34,131.9268,330.0,33.0,670.0,YES,6.6,0.238,6.362,TP1
94,SOL,M15,LONG,2025-11-23 01:45,2025-11-24 00:15,129.34,129.34,670.0,67.0,0.0,NO,0.0,0.4784,-0.4784,BE
95,SOL,M15,SHORT,2025-11-24 10:15,2025-11-24 16:30,129.08,133.5978,1000.0,100.0,0.0,NO,-35.0,0.7265,-35.7265,SL
96,SOL,M15,LONG,2025-11-24 17:15,2025-11-24 20:00,136.09,138.8118,330.0,33.0,670.0,YES,6.6,0.238,6.362,TP1
96,SOL,M15,LONG,2025-11-24 17:15,2025-11-25 08:00,136.09,136.09,670.0,67.0,0.0,NO,0.0,0.4784,-0.4784,BE
97,SOL,M15,SHORT,2025-11-25 15:30,2025-11-25 23:00,135.12,139.8492,1000.0,100.0,0.0,NO,-35.0,0.7265,-35.7265,SL
98,SOL,M15,LONG,2025-11-26 05:30,2025-11-26 18:00,138.73,141.5046,330.0,33.0,670.0,YES,6.6,0.238,6.362,TP1
98,SOL,M15,LONG,2025-11-26 05:30,2025-11-26 18:15,138.73,143.58555,330.0,33.0,340.0,YES,11.55,0.2397,11.3103,TP2
98,SOL,M15,LONG,2025-11-26 05:30,2025-11-27 16:00,138.73,142.17,340.0,34.0,0.0,NO,8.4308,0.2458,8.185,REV
99,SOL,M15,SHORT,2025-11-27 16:00,2025-11-28 01:15,142.17,139.3266,330.0,33.0,670.0,YES,6.6,0.2333,6.3667,TP1
99,SOL,M15,SHORT,2025-11-27 16:00,2025-11-28 09:00,142.17,142.17,670.0,67.0,0.0,NO,0.0,0.4784,-0.4784,BE
100,SOL,M15,LONG,2025-11-28 15:15,2025-11-28 16:15,142.66,139.42,1000.0,100.0,0.0,NO,-22.7113,0.7059,-23.4172,REV
101,SOL,M15,SHORT,2025-11-28 16:15,2025-11-28 18:00,139.42,136.6316,330.0,33.0,670.0,YES,6.6,0.2333,6.3667,TP1
101,SOL,M15,SHORT,2025-11-28 16:15,2025-11-30 13:30,139.42,139.42,670.0,67.0,0.0,NO,0.0,0.4784,-0.4784,BE
102,SOL,M15,LONG,2025-11-30 13:30,2025-11-30 23:45,138.86,133.9999,1000.0,100.0,0.0,NO,-35.0,0.7015,-35.7015,SL
103,SOL,M15,SHORT,2025-12-01 00:00,2025-12-01 00:45,130.79,128.1742,330.0,33.0,670.0,YES,6.6,0.2333,6.3667,TP1
103,SOL,M15,SHORT,2025-12-01 00:00,2025-12-01 04:30,130.79,126.21235,330.0,33.0,340.0,YES,11.55,0.2315,11.3185,TP2
103,SOL,M15,SHORT,2025-12-01 00:00,2025-12-02 11:30,130.79,128.08,340.0,34.0,0.0,NO,7.0449,0.2402,6.8046,REV
104,SOL,M15,LONG,2025-12-02 11:30,2025-12-02 13:15,128.08,130.6416,330.0,33.0,670.0,YES,6.6,0.238,6.362,TP1
104,SOL,M15,LONG,2025-12-02 11:30,2025-12-02 14:45,128.08,132.5628,330.0,33.0,340.0,YES,11.55,0.2397,11.3103,TP2
104,SOL,M15,LONG,2025-12-02 11:30,2025-12-04 19:00,128.08,138.92,340.0,34.0,0.0,NO,28.7758,0.253,28.5227,REV
105,SOL,M15,SHORT,2025-12-04 19:00,2025-12-05 10:00,138.92,136.1416,330.0,33.0,670.0,YES,6.6,0.2333,6.3667,TP1
105,SOL,M15,SHORT,2025-12-04 19:00,2025-12-05 16:00,138.92,134.0578,330.0,33.0,340.0,YES,11.55,0.2315,11.3185,TP2
105,SOL,M15,SHORT,2025-12-04 19:00,2025-12-07 18:00,138.92,135.31,340.0,34.0,0.0,NO,8.8353,0.2396,8.5957,REV
106,SOL,M15,LONG,2025-12-07 18:00,2025-12-07 22:00,135.31,130.57415,1000.0,100.0,0.0,NO,-35.0,0.7015,-35.7015,SL
107,SOL,M15,SHORT,2025-12-09 00:45,2025-12-09 15:45,132.97,137.62395,1000.0,100.0,0.0,NO,-35.0,0.7265,-35.7265,SL
108,SOL,M15,LONG,2025-12-09 16:00,2025-12-09 16:45,141.35,144.177,330.0,33.0,670.0,YES,6.6,0.238,6.362,TP1
108,SOL,M15,LONG,2025-12-09 16:00,2025-12-09 20:15,141.35,141.35,670.0,67.0,0.0,NO,0.0,0.4784,-0.4784,BE
109,SOL,M15,SHORT,2025-12-10 13:45,2025-12-10 20:15,137.62,142.4367,1000.0,100.0,0.0,NO,-35.0,0.7265,-35.7265,SL
110,SOL,M15,LONG,2025-12-10 20:30,2025-12-10 22:15,140.67,135.74655,1000.0,100.0,0.0,NO,-35.0,0.7015,-35.7015,SL
111,SOL,M15,SHORT,2025-12-11 00:00,2025-12-11 00:45,136.16,133.4368,330.0,33.0,670.0,YES,6.6,0.2333,6.3667,TP1
111,SOL,M15,SHORT,2025-12-11 00:00,2025-12-11 02:15,136.16,131.3944,330.0,33.0,340.0,YES,11.55,0.2315,11.3185,TP2
111,SOL,M15,SHORT,2025-12-11 00:00,2025-12-11 20:45,136.16,136.16,340.0,34.0,0.0,NO,0.0,0.2428,-0.2428,BE
112,SOL,M15,LONG,2025-12-11 21:45,2025-12-12 06:00,136.96,139.6992,330.0,33.0,670.0,YES,6.6,0.238,6.362,TP1
112,SOL,M15,LONG,2025-12-11 21:45,2025-12-12 15:00,136.96,136.96,670.0,67.0,0.0,NO,0.0,0.4784,-0.4784,BE
113,SOL,M15,SHORT,2025-12-12 16:30,2025-12-13 14:45,131.87,133.12,1000.0,100.0,0.0,NO,-9.479,0.7174,-10.1964,REV
114,SOL,M15,LONG,2025-12-13 14:45,2025-12-14 06:15,133.12,132.58,1000.0,100.0,0.0,NO,-4.0565,0.7126,-4.769,REV
115,SOL,M15,SHORT,2025-12-14 06:15,2025-12-14 17:00,132.58,129.9284,330.0,33.0,670.0,YES,6.6,0.2333,6.3667,TP1
115,SOL,M15,SHORT,2025-12-14 06:15,2025-12-14 23:30,132.58,127.9397,330.0,33.0,340.0,YES,11.55,0.2315,11.3185,TP2
115,SOL,M15,SHORT,2025-12-14 06:15,2025-12-15 02:15,132.58,132.58,340.0,34.0,0.0,NO,0.0,0.2428,-0.2428,BE
116,SOL,M15,LONG,2025-12-15 08:45,2025-12-15 14:15,132.32,134.9664,330.0,33.0,670.0,YES,6.6,0.238,6.362,TP1
116,SOL,M15,LONG,2025-12-15 08:45,2025-12-15 14:30,132.32,132.32,670.0,67.0,0.0,NO,0.0,0.4784,-0.4784,BE
117,SOL,M15,SHORT,2025-12-15 15:45,2025-12-15 18:15,126.78,124.2444,330.0,33.0,670.0,YES,6.6,0.2333,6.3667,TP1
117,SOL,M15,SHORT,2025-12-15 15:45,2025-12-15 23:00,126.78,126.78,670.0,67.0,0.0,NO,0.0,0.4784,-0.4784,BE
118,SOL,M15,LONG,2025-12-16 13:15,2025-12-17 08:45,128.96,126.87,1000.0,100.0,0.0,NO,-16.2066,0.7082,-16.9148,REV
119,SOL,M15,SHORT,2025-12-17 08:45,2025-12-17 14:45,126.87,131.31045,1000.0,100.0,0.0,NO,-35.0,0.7265,-35.7265,SL
120,SOL,M15,LONG,2025-12-17 14:45,2025-12-17 15:45,132.58,127.9397,1000.0,100.0,0.0,NO,-35.0,0.7015,-35.7015,SL
121,SOL,M15,SHORT,2025-12-17 16:30,2025-12-17 18:45,124.28,121.7944,330.0,33.0,670.0,YES,6.6,0.2333,6.3667,TP1
121,SOL,M15,SHORT,2025-12-17 16:30,2025-12-18 12:30,124.28,124.28,670.0,67.0,0.0,NO,0.0,0.4784,-0.4784,BE
122,SOL,M15,LONG,2025-12-18 14:15,2025-12-18 15:30,126.28,128.8056,330.0,33.0,670.0,YES,6.6,0.238,6.362,TP1
122,SOL,M15,LONG,2025-12-18 14:15,2025-12-18 16:15,126.28,126.28,670.0,67.0,0.0,NO,0.0,0.4784,-0.4784,BE
123,SOL,M15,SHORT,2025-12-18 19:15,2025-12-18 19:30,120.73,118.3154,330.0,33.0,670.0,YES,6.6,0.2333,6.3667,TP1
123,SOL,M15,SHORT,2025-12-18 19:15,2025-12-19 03:15,120.73,120.73,670.0,67.0,0.0,NO,0.0,0.4784,-0.4784,BE
124,SOL,M15,LONG,2025-12-19 08:45,2025-12-19 15:15,124.9,127.398,330.0,33.0,670.0,YES,6.6,0.238,6.362,TP1
124,SOL,M15,LONG,2025-12-19 08:45,2025-12-19 15:30,124.9,124.9,670.0,67.0,0.0,NO,0.0,0.4784,-0.4784,BE
125,SOL,M15,SHORT,2025-12-20 18:30,2025-12-21 13:30,125.89,123.3722,330.0,33.0,670.0,YES,6.6,0.2333,6.3667,TP1
125,SOL,M15,SHORT,2025-12-20 18:30,2025-12-21 17:00,125.89,125.89,670.0,67.0,0.0,NO,0.0,0.4784,-0.4784,BE
126,SOL,M15,LONG,2025-12-22 00:00,2025-12-22 20:45,127.54,124.34,1000.0,100.0,0.0,NO,-25.0902,0.705,-25.7952,REV
127,SOL,M15,SHORT,2025-12-22 20:45,2025-12-24 02:30,124.34,121.8532,330.0,33.0,670.0,YES,6.6,0.2333,6.3667,TP1
127,SOL,M15,SHORT,2025-12-22 20:45,2025-12-25 02:30,124.34,123.04,670.0,67.0,0.0,NO,7.005,0.4759,6.5291,REV
128,SOL,M15,LONG,2025-12-25 02:30,2025-12-25 10:30,123.04,121.43,1000.0,100.0,0.0,NO,-13.0852,0.7093,-13.7945,REV
129,SOL,M15,SHORT,2025-12-25 10:30,2025-12-25 15:45,121.43,123.63,1000.0,100.0,0.0,NO,-18.1174,0.7205,-18.8379,REV
130,SOL,M15,LONG,2025-12-25 15:45,2025-12-25 23:15,123.63,121.51,1000.0,100.0,0.0,NO,-17.1479,0.7079,-17.8558,REV
131,SOL,M15,SHORT,2025-12-25 23:15,2025-12-26 03:00,121.51,123.32,1000.0,100.0,0.0,NO,-14.8959,0.7193,-15.6152,REV
132,SOL,M15,LONG,2025-12-26 03:00,2025-12-26 15:15,123.32,121.29,1000.0,100.0,0.0,NO,-16.4612,0.7081,-17.1694,REV
133,SOL,M15,SHORT,2025-12-26 15:15,2025-12-27 12:45,121.29,122.84,1000.0,100.0,0.0,NO,-12.7793,0.7186,-13.4979,REV
134,SOL,M15,LONG,2025-12-27 12:45,2025-12-28 19:15,122.84,123.21,1000.0,100.0,0.0,NO,3.012,0.7151,2.297,REV
135,SOL,M15,SHORT,2025-12-28 19:15,2025-12-28 23:45,123.21,125.21,1000.0,100.0,0.0,NO,-16.2324,0.7198,-16.9522,REV
136,SOL,M15,LONG,2025-12-28 23:45,2025-12-29 00:30,125.21,127.7142,330.0,33.0,670.0,YES,6.6,0.238,6.362,TP1
136,SOL,M15,LONG,2025-12-28 23:45,2025-12-29 01:30,125.21,129.59235,330.0,33.0,340.0,YES,11.55,0.2397,11.3103,TP2
136,SOL,M15,LONG,2025-12-28 23:45,2025-12-29 11:00,125.21,125.21,340.0,34.0,0.0,NO,0.0,0.2428,-0.2428,BE
137,SOL,M15,SHORT,2025-12-29 12:30,2025-12-30 10:00,123.48,124.64,1000.0,100.0,0.0,NO,-9.3942,0.7174,-10.1116,REV
138,SOL,M15,LONG,2025-12-30 10:00,2025-12-31 14:00,124.64,127.1328,330.0,33.0,670.0,YES,6.6,0.238,6.362,TP1
138,SOL,M15,LONG,2025-12-30 10:00,2025-12-31 16:30,124.64,124.64,670.0,67.0,0.0,NO,0.0,0.4784,-0.4784,BE
139,SOL,M15,SHORT,2025-12-31 21:15,2026-01-01 17:45,124.03,125.13,1000.0,100.0,0.0,NO,-8.8688,0.7172,-9.586,REV
140,SOL,M15,LONG,2026-01-01 17:45,2026-01-02 03:30,125.13,127.6326,330.0,33.0,670.0,YES,6.6,0.238,6.362,TP1
140,SOL,M15,LONG,2026-01-01 17:45,2026-01-02 09:45,125.13,129.50955,330.0,33.0,340.0,YES,11.55,0.2397,11.3103,TP2
140,SOL,M15,LONG,2026-01-01 17:45,2026-01-03 20:00,125.13,131.38,340.0,34.0,0.0,NO,16.9823,0.2488,16.7335,REV
141,SOL,M15,SHORT,2026-01-03 20:00,2026-01-03 23:15,131.38,133.59,1000.0,100.0,0.0,NO,-16.8214,0.72,-17.5414,REV
142,SOL,M15,LONG,2026-01-03 23:15,2026-01-05 01:00,133.59,136.2618,330.0,33.0,670.0,YES,6.6,0.238,6.362,TP1
142,SOL,M15,LONG,2026-01-03 23:15,2026-01-05 13:30,133.59,133.59,670.0,67.0,0.0,NO,0.0,0.4784,-0.4784,BE
143,SOL,M15,SHORT,2026-01-05 14:00,2026-01-05 15:45,133.4,136.08,1000.0,100.0,0.0,NO,-20.09,0.7212,-20.8111,REV
144,SOL,M15,LONG,2026-01-05 15:45,2026-01-05 20:00,136.08,138.8016,330.0,33.0,670.0,YES,6.6,0.238,6.362,TP1
144,SOL,M15,LONG,2026-01-05 15:45,2026-01-06 14:00,136.08,140.8428,330.0,33.0,340.0,YES,11.55,0.2397,11.3103,TP2
144,SOL,M15,LONG,2026-01-05 15:45,2026-01-06 17:45,136.08,136.45,340.0,34.0,0.0,NO,0.9245,0.2431,0.6814,REV
145,SOL,M15,SHORT,2026-01-06 17:45,2026-01-06 21:15,136.45,141.22575,1000.0,100.0,0.0,NO,-35.0,0.7265,-35.7265,SL
146,SOL,M15,LONG,2026-01-06 21:15,2026-01-07 09:30,141.14,136.82,1000.0,100.0,0.0,NO,-30.6079,0.7031,-31.311,REV
147,SOL,M15,SHORT,2026-01-07 09:30,2026-01-08 07:00,136.82,134.0836,330.0,33.0,670.0,YES,6.6,0.2333,6.3667,TP1
147,SOL,M15,SHORT,2026-01-07 09:30,2026-01-08 16:00,136.82,136.82,670.0,67.0,0.0,NO,0.0,0.4784,-0.4784,BE
148,SOL,M15,LONG,2026-01-08 16:15,2026-01-08 21:45,136.81,139.5462,330.0,33.0,670.0,YES,6.6,0.238,6.362,TP1
148,SOL,M15,LONG,2026-01-08 16:15,2026-01-09 14:45,136.81,136.81,670.0,67.0,0.0,NO,0.0,0.4784,-0.4784,BE
149,SOL,M15,SHORT,2026-01-09 15:00,2026-01-09 16:15,136.91,139.62,1000.0,100.0,0.0,NO,-19.794,0.7211,-20.5151,REV
150,SOL,M15,LONG,2026-01-09 16:15,2026-01-09 18:45,139.62,136.76,1000.0,100.0,0.0,NO,-20.4842,0.7067,-21.1909,REV
151,SOL,M15,SHORT,2026-01-09 18:45,2026-01-10 17:15,136.76,136.54,1000.0,100.0,0.0,NO,1.6087,0.7134,0.8952,REV
152,SOL,M15,LONG,2026-01-10 17:15,2026-01-11 14:45,136.54,139.2708,330.0,33.0,670.0,YES,6.6,0.238,6.362,TP1
152,SOL,M15,LONG,2026-01-10 17:15,2026-01-11 16:30,136.54,141.3189,330.0,33.0,340.0,YES,11.55,0.2397,11.3103,TP2
152,SOL,M15,LONG,2026-01-10 17:15,2026-01-12 22:00,136.54,139.47,340.0,34.0,0.0,NO,7.296,0.2454,7.0507,REV
153,SOL,M15,SHORT,2026-01-12 22:00,2026-01-13 08:00,139.47,140.34,1000.0,100.0,0.0,NO,-6.2379,0.7162,-6.9541,REV
154,SOL,M15,LONG,2026-01-13 08:00,2026-01-13 13:30,140.34,143.1468,330.0,33.0,670.0,YES,6.6,0.238,6.362,TP1
154,SOL,M15,LONG,2026-01-13 08:00,2026-01-13 22:00,140.34,145.2519,330.0,33.0,340.0,YES,11.55,0.2397,11.3103,TP2
154,SOL,M15,LONG,2026-01-13 08:00,2026-01-15 04:15,140.34,144.01,340.0,34.0,0.0,NO,8.8913,0.2459,8.6453,REV
155,SOL,M15,SHORT,2026-01-15 04:15,2026-01-15 09:30,144.01,145.87,1000.0,100.0,0.0,NO,-12.9158,0.7186,-13.6344,REV
156,SOL,M15,LONG,2026-01-15 09:30,2026-01-15 12:15,145.87,144.29,1000.0,100.0,0.0,NO,-10.8316,0.7101,-11.5417,REV
157,SOL,M15,SHORT,2026-01-15 12:15,2026-01-15 18:30,144.29,141.4042,330.0,33.0,670.0,YES,6.6,0.2333,6.3667,TP1
157,SOL,M15,SHORT,2026-01-15 12:15,2026-01-16 17:45,144.29,143.26,670.0,67.0,0.0,NO,4.7827,0.4767,4.3061,REV
158,SOL,M15,LONG,2026-01-16 17:45,2026-01-17 23:15,143.26,143.62,1000.0,100.0,0.0,NO,2.5129,0.7149,1.798,REV
159,SOL,M15,SHORT,2026-01-17 23:15,2026-01-18 23:15,143.62,140.7476,330.0,33.0,670.0,YES,6.6,0.2333,6.3667,TP1
159,SOL,M15,SHORT,2026-01-17 23:15,2026-01-18 23:45,143.62,138.5933,330.0,33.0,340.0,YES,11.55,0.2315,11.3185,TP2
159,SOL,M15,SHORT,2026-01-17 23:15,2026-01-21 14:30,143.62,128.97,340.0,34.0,0.0,NO,34.6818,0.2304,34.4514,REV
160,SOL,M15,LONG,2026-01-21 14:30,2026-01-21 17:30,128.97,126.48,1000.0,100.0,0.0,NO,-19.3068,0.7071,-20.0139,REV
161,SOL,M15,SHORT,2026-01-21 17:30,2026-01-21 19:30,126.48,130.9068,1000.0,100.0,0.0,NO,-35.0,0.7265,-35.7265,SL
162,SOL,M15,LONG,2026-01-21 19:30,2026-01-22 16:45,131.01,127.81,1000.0,100.0,0.0,NO,-24.4256,0.7053,-25.1309,REV
163,SOL,M15,SHORT,2026-01-22 16:45,2026-01-23 14:45,127.81,125.2538,330.0,33.0,670.0,YES,6.6,0.2333,6.3667,TP1
163,SOL,M15,SHORT,2026-01-22 16:45,2026-01-23 15:45,127.81,127.81,670.0,67.0,0.0,NO,0.0,0.4784,-0.4784,BE
164,SOL,M15,LONG,2026-01-26 15:00,2026-01-27 20:45,124.86,127.3572,330.0,33.0,670.0,YES,6.6,0.238,6.362,TP1
164,SOL,M15,LONG,2026-01-26 15:00,2026-01-28 18:30,124.86,125.86,670.0,67.0,0.0,NO,5.366,0.4803,4.8857,REV
165,SOL,M15,SHORT,2026-01-28 18:30,2026-01-29 02:30,125.86,123.3428,330.0,33.0,670.0,YES,6.6,0.2333,6.3667,TP1
165,SOL,M15,SHORT,2026-01-28 18:30,2026-01-29 14:30,125.86,121.4549,330.0,33.0,340.0,YES,11.55,0.2315,11.3185,TP2
165,SOL,M15,SHORT,2026-01-28 18:30,2026-01-30 16:45,125.86,117.07,340.0,34.0,0.0,NO,23.7454,0.2343,23.5111,REV
166,SOL,M15,LONG,2026-01-30 16:45,2026-01-31 08:15,117.07,112.97255,1000.0,100.0,0.0,NO,-35.0,0.7015,-35.7015,SL
167,SOL,M15,SHORT,2026-01-31 13:15,2026-01-31 14:15,114.73,112.4354,330.0,33.0,670.0,YES,6.6,0.2333,6.3667,TP1
167,SOL,M15,SHORT,2026-01-31 13:15,2026-01-31 14:15,114.73,110.71445,330.0,33.0,340.0,YES,11.55,0.2315,11.3185,TP2
167,SOL,M15,SHORT,2026-01-31 13:15,2026-02-02 13:15,114.73,102.99,340.0,34.0,0.0,NO,34.7912,0.2303,34.5609,REV
168,SOL,M15,LONG,2026-02-02 13:15,2026-02-02 14:30,102.99,105.0498,330.0,33.0,670.0,YES,6.6,0.238,6.362,TP1
168,SOL,M15,LONG,2026-02-02 13:15,2026-02-03 02:30,102.99,102.99,670.0,67.0,0.0,NO,0.0,0.4784,-0.4784,BE
169,SOL,M15,SHORT,2026-02-03 12:45,2026-02-03 14:45,103.05,100.989,330.0,33.0,670.0,YES,6.6,0.2333,6.3667,TP1
169,SOL,M15,SHORT,2026-02-03 12:45,2026-02-03 17:30,103.05,99.44325,330.0,33.0,340.0,YES,11.55,0.2315,11.3185,TP2
169,SOL,M15,SHORT,2026-02-03 12:45,2026-02-06 16:00,103.05,85.02,340.0,34.0,0.0,NO,59.4876,0.2215,59.2661,REV
170,SOL,M15,LONG,2026-02-06 16:00,2026-02-06 16:30,85.02,86.7204,330.0,33.0,670.0,YES,6.6,0.238,6.362,TP1
170,SOL,M15,LONG,2026-02-06 16:00,2026-02-06 17:30,85.02,87.9957,330.0,33.0,340.0,YES,11.55,0.2397,11.3103,TP2
170,SOL,M15,LONG,2026-02-06 16:00,2026-02-07 07:00,85.02,85.02,340.0,34.0,0.0,NO,0.0,0.2428,-0.2428,BE
171,SOL,M15,SHORT,2026-02-08 17:30,2026-02-09 07:45,86.9,85.162,330.0,33.0,670.0,YES,6.6,0.2333,6.3667,TP1
171,SOL,M15,SHORT,2026-02-08 17:30,2026-02-09 08:30,86.9,83.8585,330.0,33.0,340.0,YES,11.55,0.2315,11.3185,TP2
171,SOL,M15,SHORT,2026-02-08 17:30,2026-02-09 17:30,86.9,86.9,340.0,34.0,0.0,NO,0.0,0.2428,-0.2428,BE
172,SOL,M15,LONG,2026-02-12 12:15,2026-02-12 16:15,81.44,78.5896,1000.0,100.0,0.0,NO,-35.0,0.7015,-35.7015,SL
173,SOL,M15,SHORT,2026-02-12 16:45,2026-02-12 20:45,78.27,76.7046,330.0,33.0,670.0,YES,6.6,0.2333,6.3667,TP1
173,SOL,M15,SHORT,2026-02-12 16:45,2026-02-12 23:00,78.27,78.27,670.0,67.0,0.0,NO,0.0,0.4784,-0.4784,BE
174,SOL,M15,LONG,2026-02-13 13:45,2026-02-13 14:45,80.23,81.8346,330.0,33.0,670.0,YES,6.6,0.238,6.362,TP1
174,SOL,M15,LONG,2026-02-13 13:45,2026-02-13 15:15,80.23,83.03805,330.0,33.0,340.0,YES,11.55,0.2397,11.3103,TP2
174,SOL,M15,LONG,2026-02-13 13:45,2026-02-15 14:45,80.23,87.31,340.0,34.0,0.0,NO,30.0037,0.2535,29.7503,REV
175,SOL,M15,SHORT,2026-02-15 14:45,2026-02-15 19:00,87.31,85.5638,330.0,33.0,670.0,YES,6.6,0.2333,6.3667,TP1
175,SOL,M15,SHORT,2026-02-15 14:45,2026-02-16 13:30,87.31,84.25415,330.0,33.0,340.0,YES,11.55,0.2315,11.3185,TP2
175,SOL,M15,SHORT,2026-02-15 14:45,2026-02-17 00:30,87.31,86.56,340.0,34.0,0.0,NO,2.9206,0.2417,2.6789,REV
176,SOL,M15,LONG,2026-02-17 00:30,2026-02-17 14:45,86.56,83.5304,1000.0,100.0,0.0,NO,-35.0,0.7015,-35.7015,SL
177,SOL,M15,SHORT,2026-02-17 15:30,2026-02-18 14:45,83.35,81.683,330.0,33.0,670.0,YES,6.6,0.2333,6.3667,TP1
177,SOL,M15,SHORT,2026-02-17 15:30,2026-02-18 15:30,83.35,83.35,670.0,67.0,0.0,NO,0.0,0.4784,-0.4784,BE
178,SOL,M15,LONG,2026-02-19 20:30,2026-02-20 05:30,81.96,83.5992,330.0,33.0,670.0,YES,6.6,0.238,6.362,TP1
178,SOL,M15,LONG,2026-02-19 20:30,2026-02-20 13:30,81.96,81.96,670.0,67.0,0.0,NO,0.0,0.4784,-0.4784,BE
179,SOL,M15,SHORT,2026-02-22 11:30,2026-02-22 14:45,85.14,83.4372,330.0,33.0,670.0,YES,6.6,0.2333,6.3667,TP1
179,SOL,M15,SHORT,2026-02-22 11:30,2026-02-23 00:15,85.14,82.1601,330.0,33.0,340.0,YES,11.55,0.2315,11.3185,TP2
179,SOL,M15,SHORT,2026-02-22 11:30,2026-02-24 22:45,85.14,79.02,340.0,34.0,0.0,NO,24.4397,0.234,24.2057,REV
180,SOL,M15,LONG,2026-02-24 22:45,2026-02-25 01:00,79.02,80.6004,330.0,33.0,670.0,YES,6.6,0.238,6.362,TP1
180,SOL,M15,LONG,2026-02-24 22:45,2026-02-25 01:00,79.02,81.7857,330.0,33.0,340.0,YES,11.55,0.2397,11.3103,TP2
180,SOL,M15,LONG,2026-02-24 22:45,2026-02-26 15:15,79.02,85.75,340.0,34.0,0.0,NO,28.9572,0.2531,28.7041,REV
181,SOL,M15,SHORT,2026-02-26 15:15,2026-02-27 11:30,85.75,84.035,330.0,33.0,670.0,YES,6.6,0.2333,6.3667,TP1
181,SOL,M15,SHORT,2026-02-26 15:15,2026-02-27 12:30,85.75,82.74875,330.0,33.0,340.0,YES,11.55,0.2315,11.3185,TP2
181,SOL,M15,SHORT,2026-02-26 15:15,2026-02-28 20:30,85.75,83.76,340.0,34.0,0.0,NO,7.8904,0.2399,7.6504,REV
182,SOL,M15,LONG,2026-02-28 20:30,2026-02-28 22:30,83.76,85.4352,330.0,33.0,670.0,YES,6.6,0.238,6.362,TP1
182,SOL,M15,LONG,2026-02-28 20:30,2026-03-01 01:45,83.76,86.6916,330.0,33.0,340.0,YES,11.55,0.2397,11.3103,TP2
182,SOL,M15,LONG,2026-02-28 20:30,2026-03-01 16:45,83.76,83.76,340.0,34.0,0.0,NO,0.0,0.2428,-0.2428,BE
183,SOL,M15,SHORT,2026-03-01 19:45,2026-03-02 01:00,83.19,86.10165,1000.0,100.0,0.0,NO,-35.0,0.7265,-35.7265,SL
184,SOL,M15,LONG,2026-03-02 15:15,2026-03-02 16:00,87.59,89.3418,330.0,33.0,670.0,YES,6.6,0.238,6.362,TP1
184,SOL,M15,LONG,2026-03-02 15:15,2026-03-02 17:15,87.59,87.59,670.0,67.0,0.0,NO,0.0,0.4784,-0.4784,BE
185,SOL,M15,SHORT,2026-03-03 12:30,2026-03-03 14:45,84.38,82.6924,330.0,33.0,670.0,YES,6.6,0.2333,6.3667,TP1
185,SOL,M15,SHORT,2026-03-03 12:30,2026-03-03 15:30,84.38,84.38,670.0,67.0,0.0,NO,0.0,0.4784,-0.4784,BE
186,SOL,M15,LONG,2026-03-04 00:00,2026-03-04 08:45,87.03,88.7706,330.0,33.0,670.0,YES,6.6,0.238,6.362,TP1
186,SOL,M15,LONG,2026-03-04 00:00,2026-03-04 09:15,87.03,90.07605,330.0,33.0,340.0,YES,11.55,0.2397,11.3103,TP2
186,SOL,M15,LONG,2026-03-04 00:00,2026-03-05 15:00,87.03,89.74,340.0,34.0,0.0,NO,10.5872,0.2465,10.3406,REV
187,SOL,M15,SHORT,2026-03-05 15:00,2026-03-05 16:00,89.74,87.9452,330.0,33.0,670.0,YES,6.6,0.2333,6.3667,TP1
187,SOL,M15,SHORT,2026-03-05 15:00,2026-03-05 21:15,89.74,89.74,670.0,67.0,0.0,NO,0.0,0.4784,-0.4784,BE
188,SOL,M15,LONG,2026-03-09 03:30,2026-03-09 13:15,83.09,84.7518,330.0,33.0,670.0,YES,6.6,0.238,6.362,TP1
188,SOL,M15,LONG,2026-03-09 03:30,2026-03-09 19:15,83.09,85.99815,330.0,33.0,340.0,YES,11.55,0.2397,11.3103,TP2
188,SOL,M15,LONG,2026-03-09 03:30,2026-03-11 00:30,83.09,85.59,340.0,34.0,0.0,NO,10.2299,0.2464,9.9835,REV
189,SOL,M15,SHORT,2026-03-11 00:30,2026-03-11 17:15,85.59,87.62,1000.0,100.0,0.0,NO,-23.7177,0.7225,-24.4402,REV
190,SOL,M15,LONG,2026-03-11 17:15,2026-03-12 02:30,87.62,85.55,1000.0,100.0,0.0,NO,-23.6247,0.7056,-24.3303,REV
191,SOL,M15,SHORT,2026-03-12 02:30,2026-03-12 09:30,85.55,86.43,1000.0,100.0,0.0,NO,-10.2864,0.7177,-11.0041,REV
192,SOL,M15,LONG,2026-03-12 09:30,2026-03-12 14:45,86.43,85.47,1000.0,100.0,0.0,NO,-11.1073,0.71,-11.8173,REV
193,SOL,M15,SHORT,2026-03-12 14:45,2026-03-12 23:30,85.47,86.94,1000.0,100.0,0.0,NO,-17.199,0.7201,-17.9192,REV
194,SOL,M15,LONG,2026-03-12 23:30,2026-03-13 00:15,86.94,88.6788,330.0,33.0,670.0,YES,6.6,0.238,6.362,TP1
194,SOL,M15,LONG,2026-03-12 23:30,2026-03-13 00:15,86.94,89.9829,330.0,33.0,340.0,YES,11.55,0.2397,11.3103,TP2
194,SOL,M15,LONG,2026-03-12 23:30,2026-03-13 22:15,86.94,87.84,340.0,34.0,0.0,NO,3.5197,0.244,3.2757,REV
195,SOL,M15,SHORT,2026-03-13 22:15,2026-03-15 04:30,87.84,88.17,1000.0,100.0,0.0,NO,-3.7568,0.7153,-4.4722,REV
196,SOL,M15,LONG,2026-03-15 04:30,2026-03-15 21:30,88.17,89.9334,330.0,33.0,670.0,YES,6.6,0.238,6.362,TP1
196,SOL,M15,LONG,2026-03-15 04:30,2026-03-15 22:30,88.17,91.25595,330.0,33.0,340.0,YES,11.55,0.2397,11.3103,TP2
196,SOL,M15,LONG,2026-03-15 04:30,2026-03-17 16:00,88.17,94.0,340.0,34.0,0.0,NO,22.4816,0.2508,22.2308,REV
197,SOL,M15,SHORT,2026-03-17 16:00,2026-03-18 01:45,94.0,94.37,1000.0,100.0,0.0,NO,-3.9362,0.7154,-4.6516,REV
198,SOL,M15,LONG,2026-03-18 01:45,2026-03-18 11:45,94.37,91.95,1000.0,100.0,0.0,NO,-25.6437,0.7048,-26.3486,REV
199,SOL,M15,SHORT,2026-03-18 11:45,2026-03-18 13:00,91.95,90.111,330.0,33.0,670.0,YES,6.6,0.2333,6.3667,TP1
199,SOL,M15,SHORT,2026-03-18 11:45,2026-03-18 15:00,91.95,88.73175,330.0,33.0,340.0,YES,11.55,0.2315,11.3185,TP2
199,SOL,M15,SHORT,2026-03-18 11:45,2026-03-20 10:30,91.95,89.24,340.0,34.0,0.0,NO,10.0207,0.2392,9.7815,REV
200,SOL,M15,LONG,2026-03-20 10:30,2026-03-21 23:45,89.24,87.5,1000.0,100.0,0.0,NO,-19.498,0.707,-20.205,REV
201,SOL,M15,SHORT,2026-03-21 23:45,2026-03-22 21:00,87.5,85.75,330.0,33.0,670.0,YES,6.6,0.2333,6.3667,TP1
201,SOL,M15,SHORT,2026-03-21 23:45,2026-03-23 11:00,87.5,87.5,670.0,67.0,0.0,NO,0.0,0.4784,-0.4784,BE
202,SOL,M15,LONG,2026-03-23 11:30,2026-03-23 14:15,89.88,91.6776,330.0,33.0,670.0,YES,6.6,0.238,6.362,TP1
202,SOL,M15,LONG,2026-03-23 11:30,2026-03-23 15:45,89.88,89.88,670.0,67.0,0.0,NO,0.0,0.4784,-0.4784,BE
203,SOL,M15,SHORT,2026-03-24 14:45,2026-03-25 00:00,89.5,91.18,1000.0,100.0,0.0,NO,-18.7709,0.7207,-19.4917,REV
204,SOL,M15,LONG,2026-03-25 00:00,2026-03-25 11:15,91.18,93.0036,330.0,33.0,670.0,YES,6.6,0.238,6.362,TP1
204,SOL,M15,LONG,2026-03-25 00:00,2026-03-25 15:15,91.18,91.18,670.0,67.0,0.0,NO,0.0,0.4784,-0.4784,BE
205,SOL,M15,SHORT,2026-03-26 02:30,2026-03-26 06:00,90.82,89.0036,330.0,33.0,670.0,YES,6.6,0.2333,6.3667,TP1
205,SOL,M15,SHORT,2026-03-26 02:30,2026-03-26 11:00,90.82,87.6413,330.0,33.0,340.0,YES,11.55,0.2315,11.3185,TP2
205,SOL,M15,SHORT,2026-03-26 02:30,2026-03-28 15:00,90.82,83.36,340.0,34.0,0.0,NO,27.9278,0.2328,27.695,REV
206,SOL,M15,LONG,2026-03-28 15:00,2026-03-29 00:00,83.36,82.03,1000.0,100.0,0.0,NO,-15.9549,0.7083,-16.6632,REV
207,SOL,M15,SHORT,2026-03-29 00:00,2026-03-29 22:30,82.03,80.3894,330.0,33.0,670.0,YES,6.6,0.2333,6.3667,TP1
207,SOL,M15,SHORT,2026-03-29 00:00,2026-03-29 22:45,82.03,79.15895,330.0,33.0,340.0,YES,11.55,0.2315,11.3185,TP2
207,SOL,M15,SHORT,2026-03-29 00:00,2026-03-30 00:15,82.03,82.03,340.0,34.0,0.0,NO,0.0,0.2428,-0.2428,BE
208,SOL,M15,LONG,2026-03-30 03:30,2026-03-30 08:30,83.19,84.8538,330.0,33.0,670.0,YES,6.6,0.238,6.362,TP1
208,SOL,M15,LONG,2026-03-30 03:30,2026-03-30 17:15,83.19,83.19,670.0,67.0,0.0,NO,0.0,0.4784,-0.4784,BE
209,SOL,M15,SHORT,2026-03-31 00:30,2026-03-31 09:45,82.44,80.7912,330.0,33.0,670.0,YES,6.6,0.2333,6.3667,TP1
209,SOL,M15,SHORT,2026-03-31 00:30,2026-03-31 14:15,82.44,82.44,670.0,67.0,0.0,NO,0.0,0.4784,-0.4784,BE
210,SOL,M15,LONG,2026-04-01 05:00,2026-04-01 16:30,83.59,85.2618,330.0,33.0,670.0,YES,6.6,0.238,6.362,TP1
210,SOL,M15,LONG,2026-04-01 05:00,2026-04-01 17:00,83.59,86.51565,330.0,33.0,340.0,YES,11.55,0.2397,11.3103,TP2
210,SOL,M15,LONG,2026-04-01 05:00,2026-04-01 18:45,83.59,83.59,340.0,34.0,0.0,NO,0.0,0.2428,-0.2428,BE
211,SOL,M15,SHORT,2026-04-01 21:30,2026-04-02 01:00,82.17,80.5266,330.0,33.0,670.0,YES,6.6,0.2333,6.3667,TP1
211,SOL,M15,SHORT,2026-04-01 21:30,2026-04-02 01:15,82.17,79.29405,330.0,33.0,340.0,YES,11.55,0.2315,11.3185,TP2
211,SOL,M15,SHORT,2026-04-01 21:30,2026-04-03 08:00,82.17,79.96,340.0,34.0,0.0,NO,9.1445,0.2395,8.905,REV
212,SOL,M15,LONG,2026-04-03 08:00,2026-04-04 15:00,79.96,81.5592,330.0,33.0,670.0,YES,6.6,0.238,6.362,TP1
212,SOL,M15,LONG,2026-04-03 08:00,2026-04-05 06:00,79.96,79.96,670.0,67.0,0.0,NO,0.0,0.4784,-0.4784,BE
213,SOL,M15,SHORT,2026-04-05 12:30,2026-04-05 23:15,78.94,81.7029,1000.0,100.0,0.0,NO,-35.0,0.7265,-35.7265,SL
214,SOL,M15,LONG,2026-04-05 23:45,2026-04-06 22:00,81.85,81.4,1000.0,100.0,0.0,NO,-5.4979,0.712,-6.2099,REV
215,SOL,M15,SHORT,2026-04-06 22:00,2026-04-06 23:00,81.4,79.772,330.0,33.0,670.0,YES,6.6,0.2333,6.3667,TP1
215,SOL,M15,SHORT,2026-04-06 22:00,2026-04-07 14:00,81.4,78.551,330.0,33.0,340.0,YES,11.55,0.2315,11.3185,TP2
215,SOL,M15,SHORT,2026-04-06 22:00,2026-04-07 19:45,81.4,81.4,340.0,34.0,0.0,NO,0.0,0.2428,-0.2428,BE
216,SOL,M15,LONG,2026-04-07 20:15,2026-04-07 22:00,82.0,83.64,330.0,33.0,670.0,YES,6.6,0.238,6.362,TP1
216,SOL,M15,LONG,2026-04-07 20:15,2026-04-07 22:30,82.0,84.87,330.0,33.0,340.0,YES,11.55,0.2397,11.3103,TP2
216,SOL,M15,LONG,2026-04-07 20:15,2026-04-08 20:00,82.0,83.2,340.0,34.0,0.0,NO,4.9756,0.2445,4.7311,REV
217,SOL,M15,SHORT,2026-04-08 20:00,2026-04-09 13:45,83.2,81.536,330.0,33.0,670.0,YES,6.6,0.2333,6.3667,TP1
217,SOL,M15,SHORT,2026-04-08 20:00,2026-04-09 15:30,83.2,83.2,670.0,67.0,0.0,NO,0.0,0.4784,-0.4784,BE
218,SOL,M15,LONG,2026-04-09 16:45,2026-04-09 22:15,83.64,85.3128,330.0,33.0,670.0,YES,6.6,0.238,6.362,TP1
218,SOL,M15,LONG,2026-04-09 16:45,2026-04-09 23:00,83.64,83.64,670.0,67.0,0.0,NO,0.0,0.4784,-0.4784,BE
219,SOL,M15,SHORT,2026-04-11 12:00,2026-04-11 19:45,84.12,85.99,1000.0,100.0,0.0,NO,-22.2301,0.7219,-22.9521,REV
220,SOL,M15,LONG,2026-04-11 19:45,2026-04-12 01:30,85.99,82.98035,1000.0,100.0,0.0,NO,-35.0,0.7015,-35.7015,SL
221,SOL,M15,SHORT,2026-04-12 02:00,2026-04-13 12:45,82.52,82.5,1000.0,100.0,0.0,NO,0.2424,0.7139,-0.4715,REV
222,SOL,M15,LONG,2026-04-13 12:45,2026-04-13 19:45,82.5,84.15,330.0,33.0,670.0,YES,6.6,0.238,6.362,TP1
222,SOL,M15,LONG,2026-04-13 12:45,2026-04-13 22:15,82.5,85.3875,330.0,33.0,340.0,YES,11.55,0.2397,11.3103,TP2
222,SOL,M15,LONG,2026-04-13 12:45,2026-04-14 19:45,82.5,83.91,340.0,34.0,0.0,NO,5.8109,0.2448,5.5661,REV
223,SOL,M15,SHORT,2026-04-14 19:45,2026-04-15 17:00,83.91,84.74,1000.0,100.0,0.0,NO,-9.8916,0.7175,-10.6091,REV
224,SOL,M15,LONG,2026-04-15 17:00,2026-04-16 15:15,84.74,86.4348,330.0,33.0,670.0,YES,6.6,0.238,6.362,TP1
224,SOL,M15,LONG,2026-04-15 17:00,2026-04-16 18:30,84.74,87.7059,330.0,33.0,340.0,YES,11.55,0.2397,11.3103,TP2
224,SOL,M15,LONG,2026-04-15 17:00,2026-04-18 09:15,84.74,87.46,340.0,34.0,0.0,NO,10.9134,0.2467,10.6667,REV
225,SOL,M15,SHORT,2026-04-18 09:15,2026-04-18 18:30,87.46,85.7108,330.0,33.0,670.0,YES,6.6,0.2333,6.3667,TP1
225,SOL,M15,SHORT,2026-04-18 09:15,2026-04-19 07:15,87.46,84.3989,330.0,33.0,340.0,YES,11.55,0.2315,11.3185,TP2
225,SOL,M15,SHORT,2026-04-18 09:15,2026-04-20 16:15,87.46,85.5,340.0,34.0,0.0,NO,7.6195,0.24,7.3794,REV
226,SOL,M15,LONG,2026-04-20 16:15,2026-04-21 18:00,85.5,85.24,1000.0,100.0,0.0,NO,-3.0409,0.7129,-3.7539,REV
227,SOL,M15,SHORT,2026-04-21 18:00,2026-04-22 00:00,85.24,86.12,1000.0,100.0,0.0,NO,-10.3238,0.7177,-11.0415,REV
228,SOL,M15,LONG,2026-04-22 00:00,2026-04-22 03:00,86.12,87.8424,330.0,33.0,670.0,YES,6.6,0.238,6.362,TP1
228,SOL,M15,LONG,2026-04-22 00:00,2026-04-22 13:45,86.12,89.1342,330.0,33.0,340.0,YES,11.55,0.2397,11.3103,TP2
228,SOL,M15,LONG,2026-04-22 00:00,2026-04-23 00:15,86.12,86.12,340.0,34.0,0.0,NO,0.0,0.2428,-0.2428,BE
229,SOL,M15,SHORT,2026-04-23 00:15,2026-04-23 10:00,86.9,85.162,330.0,33.0,670.0,YES,6.6,0.2333,6.3667,TP1
229,SOL,M15,SHORT,2026-04-23 00:15,2026-04-24 12:00,86.9,86.67,670.0,67.0,0.0,NO,1.7733,0.4777,1.2956,REV
230,SOL,M15,LONG,2026-04-24 12:00,2026-04-25 17:15,86.67,85.62,1000.0,100.0,0.0,NO,-12.1149,0.7097,-12.8246,REV
231,SOL,M15,SHORT,2026-04-25 17:15,2026-04-26 14:30,85.62,86.33,1000.0,100.0,0.0,NO,-8.2925,0.717,-9.0094,REV
232,SOL,M15,LONG,2026-04-26 14:30,2026-04-27 02:45,86.33,88.0566,330.0,33.0,670.0,YES,6.6,0.238,6.362,TP1
232,SOL,M15,LONG,2026-04-26 14:30,2026-04-27 05:15,86.33,86.33,670.0,67.0,0.0,NO,0.0,0.4784,-0.4784,BE
233,SOL,M15,SHORT,2026-04-27 06:00,2026-04-27 15:15,85.78,84.0644,330.0,33.0,670.0,YES,6.6,0.2333,6.3667,TP1
233,SOL,M15,SHORT,2026-04-27 06:00,2026-04-29 04:00,85.78,84.52,670.0,67.0,0.0,NO,9.8415,0.4749,9.3666,REV
234,SOL,M15,LONG,2026-04-29 04:00,2026-04-29 16:00,84.52,83.44,1000.0,100.0,0.0,NO,-12.778,0.7094,-13.4875,REV
235,SOL,M15,SHORT,2026-04-29 16:00,2026-04-29 18:00,83.44,81.7712,330.0,33.0,670.0,YES,6.6,0.2333,6.3667,TP1
235,SOL,M15,SHORT,2026-04-29 16:00,2026-04-30 00:30,83.44,83.44,670.0,67.0,0.0,NO,0.0,0.4784,-0.4784,BE
236,SOL,M15,LONG,2026-04-30 15:15,2026-04-30 22:00,83.49,82.87,1000.0,100.0,0.0,NO,-7.426,0.7113,-8.1374,REV
237,SOL,M15,SHORT,2026-04-30 22:00,2026-05-01 01:30,82.87,83.5,1000.0,100.0,0.0,NO,-7.6023,0.7167,-8.319,REV
238,SOL,M15,LONG,2026-05-01 01:30,2026-05-02 05:45,83.5,83.65,1000.0,100.0,0.0,NO,1.7964,0.7146,1.0818,REV
239,SOL,M15,SHORT,2026-05-02 05:45,2026-05-02 18:15,83.65,84.09,1000.0,100.0,0.0,NO,-5.26,0.7159,-5.9759,REV
240,SOL,M15,LONG,2026-05-02 18:15,2026-05-04 04:15,84.09,85.7718,330.0,33.0,670.0,YES,6.6,0.238,6.362,TP1
240,SOL,M15,LONG,2026-05-02 18:15,2026-05-04 10:00,84.09,84.09,670.0,67.0,0.0,NO,0.0,0.4784,-0.4784,BE
241,SOL,M15,SHORT,2026-05-04 12:00,2026-05-04 14:45,83.9,84.95,1000.0,100.0,0.0,NO,-12.5149,0.7185,-13.2334,REV
242,SOL,M15,LONG,2026-05-04 14:45,2026-05-04 20:15,84.95,84.2,1000.0,100.0,0.0,NO,-8.8287,0.7108,-9.5396,REV
243,SOL,M15,SHORT,2026-05-04 20:15,2026-05-05 07:30,84.2,84.95,1000.0,100.0,0.0,NO,-8.9074,0.7172,-9.6245,REV
244,SOL,M15,LONG,2026-05-05 07:30,2026-05-05 20:00,84.95,86.649,330.0,33.0,670.0,YES,6.6,0.238,6.362,TP1
244,SOL,M15,LONG,2026-05-05 07:30,2026-05-06 08:00,84.95,87.92325,330.0,33.0,340.0,YES,11.55,0.2397,11.3103,TP2
244,SOL,M15,LONG,2026-05-05 07:30,2026-05-07 14:30,84.95,87.97,340.0,34.0,0.0,NO,12.0871,0.2471,11.84,REV
245,SOL,M15,SHORT,2026-05-07 14:30,2026-05-08 12:30,87.97,88.66,1000.0,100.0,0.0,NO,-7.8436,0.7168,-8.5604,REV
246,SOL,M15,LONG,2026-05-08 12:30,2026-05-08 17:30,88.66,90.4332,330.0,33.0,670.0,YES,6.6,0.238,6.362,TP1
246,SOL,M15,LONG,2026-05-08 12:30,2026-05-08 17:30,88.66,91.7631,330.0,33.0,340.0,YES,11.55,0.2397,11.3103,TP2
246,SOL,M15,LONG,2026-05-08 12:30,2026-05-10 01:15,88.66,92.59,340.0,34.0,0.0,NO,15.0711,0.2481,14.8229,REV
247,SOL,M15,SHORT,2026-05-10 01:15,2026-05-10 09:15,92.59,94.46,1000.0,100.0,0.0,NO,-20.1966,0.7212,-20.9178,REV
248,SOL,M15,LONG,2026-05-10 09:15,2026-05-10 17:45,94.46,96.3492,330.0,33.0,670.0,YES,6.6,0.238,6.362,TP1
248,SOL,M15,LONG,2026-05-10 09:15,2026-05-10 20:45,94.46,94.46,670.0,67.0,0.0,NO,0.0,0.4784,-0.4784,BE
249,SOL,M15,SHORT,2026-05-12 13:00,2026-05-13 09:15,94.96,95.67,1000.0,100.0,0.0,NO,-7.4768,0.7167,-8.1935,REV
250,SOL,M15,LONG,2026-05-13 09:15,2026-05-13 12:30,95.67,92.32155,1000.0,100.0,0.0,NO,-35.0,0.7015,-35.7015,SL
251,SOL,M15,SHORT,2026-05-13 12:45,2026-05-13 14:00,93.11,91.2478,330.0,33.0,670.0,YES,6.6,0.2333,6.3667,TP1
251,SOL,M15,SHORT,2026-05-13 12:45,2026-05-14 03:00,93.11,89.85115,330.0,33.0,340.0,YES,11.55,0.2315,11.3185,TP2
251,SOL,M15,SHORT,2026-05-13 12:45,2026-05-14 15:00,93.11,92.21,340.0,34.0,0.0,NO,3.2864,0.2416,3.0448,REV
252,SOL,M15,LONG,2026-05-14 15:00,2026-05-15 12:15,92.21,90.82,1000.0,100.0,0.0,NO,-15.0743,0.7086,-15.7829,REV
253,SOL,M15,SHORT,2026-05-15 12:15,2026-05-15 13:45,90.82,89.0036,330.0,33.0,670.0,YES,6.6,0.2333,6.3667,TP1
253,SOL,M15,SHORT,2026-05-15 12:15,2026-05-16 07:00,90.82,87.6413,330.0,33.0,340.0,YES,11.55,0.2315,11.3185,TP2
253,SOL,M15,SHORT,2026-05-15 12:15,2026-05-17 07:15,90.82,86.86,340.0,34.0,0.0,NO,14.8249,0.2375,14.5875,REV
254,SOL,M15,LONG,2026-05-17 07:15,2026-05-17 17:30,86.86,86.17,1000.0,100.0,0.0,NO,-7.9438,0.7112,-8.655,REV
255,SOL,M15,SHORT,2026-05-17 17:30,2026-05-17 23:30,86.17,84.4466,330.0,33.0,670.0,YES,6.6,0.2333,6.3667,TP1
255,SOL,M15,SHORT,2026-05-17 17:30,2026-05-18 22:45,86.17,85.42,670.0,67.0,0.0,NO,5.8315,0.4763,5.3552,REV
256,SOL,M15,LONG,2026-05-18 22:45,2026-05-19 10:00,85.42,84.64,1000.0,100.0,0.0,NO,-9.1314,0.7107,-9.8421,REV
257,SOL,M15,SHORT,2026-05-19 10:00,2026-05-20 09:15,84.64,84.98,1000.0,100.0,0.0,NO,-4.017,0.7154,-4.7324,REV
258,SOL,M15,LONG,2026-05-20 09:15,2026-05-20 16:45,84.98,86.6796,330.0,33.0,670.0,YES,6.6,0.238,6.362,TP1
258,SOL,M15,LONG,2026-05-20 09:15,2026-05-21 14:45,84.98,85.95,670.0,67.0,0.0,NO,7.6477,0.4811,7.1666,REV
259,SOL,M15,SHORT,2026-05-21 14:45,2026-05-21 17:15,85.95,87.77,1000.0,100.0,0.0,NO,-21.1751,0.7216,-21.8967,REV
260,SOL,M15,LONG,2026-05-21 17:15,2026-05-22 15:00,87.77,86.53,1000.0,100.0,0.0,NO,-14.1278,0.709,-14.8368,REV
261,SOL,M15,SHORT,2026-05-22 15:00,2026-05-22 18:45,86.53,84.7994,330.0,33.0,670.0,YES,6.6,0.2333,6.3667,TP1
261,SOL,M15,SHORT,2026-05-22 15:00,2026-05-23 07:45,86.53,83.50145,330.0,33.0,340.0,YES,11.55,0.2315,11.3185,TP2
261,SOL,M15,SHORT,2026-05-22 15:00,2026-05-23 20:30,86.53,86.53,340.0,34.0,0.0,NO,0.0,0.2428,-0.2428,BE
262,SOL,M15,LONG,2026-05-23 20:45,2026-05-24 18:30,87.03,85.31,1000.0,100.0,0.0,NO,-19.7633,0.7069,-20.4702,REV
263,SOL,M15,SHORT,2026-05-24 18:30,2026-05-25 12:15,85.31,85.93,1000.0,100.0,0.0,NO,-7.2676,0.7166,-7.9842,REV
264,SOL,M15,LONG,2026-05-25 12:15,2026-05-26 01:30,85.93,83.94,1000.0,100.0,0.0,NO,-23.1584,0.7057,-23.8641,REV
265,SOL,M15,SHORT,2026-05-26 01:30,2026-05-27 15:45,83.94,84.39,1000.0,100.0,0.0,NO,-5.361,0.7159,-6.0769,REV
266,SOL,M15,LONG,2026-05-27 15:45,2026-05-27 21:45,84.39,82.43,1000.0,100.0,0.0,NO,-23.2255,0.7057,-23.9312,REV
267,SOL,M15,SHORT,2026-05-27 21:45,2026-05-28 03:15,82.43,80.7814,330.0,33.0,670.0,YES,6.6,0.2333,6.3667,TP1
267,SOL,M15,SHORT,2026-05-27 21:45,2026-05-28 17:30,82.43,82.43,670.0,67.0,0.0,NO,0.0,0.4784,-0.4784,BE
268,SOL,M15,LONG,2026-05-29 00:45,2026-05-29 14:15,82.29,80.84,1000.0,100.0,0.0,NO,-17.6206,0.7077,-18.3283,REV
269,SOL,M15,SHORT,2026-05-29 14:15,2026-05-29 17:15,80.84,83.06,1000.0,100.0,0.0,NO,-27.4617,0.7238,-28.1855,REV
270,SOL,M15,LONG,2026-05-29 17:15,2026-05-29 22:00,83.06,81.66,1000.0,100.0,0.0,NO,-16.8553,0.708,-17.5633,REV
271,SOL,M15,SHORT,2026-05-29 22:00,2026-05-30 00:30,81.66,82.22,1000.0,100.0,0.0,NO,-6.8577,0.7164,-7.5742,REV
272,SOL,M15,LONG,2026-05-30 00:30,2026-05-31 14:30,82.22,81.92,1000.0,100.0,0.0,NO,-3.6487,0.7127,-4.3614,REV
273,SOL,M15,SHORT,2026-05-31 14:30,2026-06-01 12:00,81.92,80.2816,330.0,33.0,670.0,YES,6.6,0.2333,6.3667,TP1
273,SOL,M15,SHORT,2026-05-31 14:30,2026-06-02 09:15,81.92,79.0528,330.0,33.0,340.0,YES,11.55,0.2315,11.3185,TP2
273,SOL,M15,SHORT,2026-05-31 14:30,2026-06-03 23:45,81.92,71.58,340.0,34.0,0.0,NO,42.915,0.2274,42.6876,OPEN
