symbol,timeframe,side,entry_time,exit_time,entry,exit,size,gross,fee,net,result
XRP,H1,SHORT,2025-08-01 00:00,2025-08-04 19:00,2.9849,3.0476,1000.0,-21.0057,0.7215,-21.7272,REV
XRP,H1,LONG,2025-08-04 19:00,2025-08-11 14:00,3.0476,3.1932,1000.0,47.7753,0.7311,47.0442,REV
XRP,H1,SHORT,2025-08-11 14:00,2025-08-13 23:00,3.1932,3.2752,1000.0,-25.6796,0.7232,-26.4027,REV
XRP,H1,LONG,2025-08-13 23:00,2025-08-14 15:00,3.2752,3.0941,1000.0,-55.2943,0.6943,-55.9886,REV
XRP,H1,SHORT,2025-08-14 15:00,2025-08-22 19:00,3.0941,3.0713,1000.0,7.3689,0.7114,6.6575,REV
XRP,H1,LONG,2025-08-22 19:00,2025-08-26 05:00,3.0713,2.9177,1000.0,-50.0114,0.6961,-50.7075,REV
XRP,H1,SHORT,2025-08-26 05:00,2025-09-02 23:00,2.9177,2.8605,1000.0,19.6045,0.707,18.8975,REV
XRP,H1,LONG,2025-09-02 23:00,2025-09-06 11:00,2.8605,2.8046,1000.0,-19.542,0.707,-20.2491,REV
XRP,H1,SHORT,2025-09-06 11:00,2025-09-07 16:00,2.8046,2.8904,1000.0,-30.5926,0.7249,-31.3175,REV
XRP,H1,LONG,2025-09-07 16:00,2025-09-15 11:00,2.8904,2.9976,1000.0,37.0883,0.7272,36.3611,REV
XRP,H1,SHORT,2025-09-15 11:00,2025-09-18 03:00,2.9976,3.1043,1000.0,-35.5951,0.7267,-36.3219,REV
XRP,H1,LONG,2025-09-18 03:00,2025-09-20 00:00,3.1043,2.9972,1000.0,-34.5005,0.7017,-35.2022,REV
XRP,H1,SHORT,2025-09-20 00:00,2025-09-29 01:00,2.9972,2.856,1000.0,47.1106,0.6972,46.4135,REV
XRP,H1,LONG,2025-09-29 01:00,2025-10-06 07:00,2.856,2.9721,1000.0,40.6513,0.7285,39.9227,REV
XRP,H1,SHORT,2025-10-06 07:00,2025-10-14 15:00,2.9721,2.4957,1000.0,160.2907,0.6568,159.6339,REV
XRP,H1,LONG,2025-10-14 15:00,2025-10-16 07:00,2.4957,2.4089,1000.0,-34.7798,0.7016,-35.4814,REV
XRP,H1,SHORT,2025-10-16 07:00,2025-10-20 07:00,2.4089,2.4693,1000.0,-25.0737,0.723,-25.7966,REV
XRP,H1,LONG,2025-10-20 07:00,2025-10-23 21:00,2.4693,2.3852,1000.0,-34.0582,0.7018,-34.7601,REV
XRP,H1,SHORT,2025-10-23 21:00,2025-10-24 21:00,2.3852,2.5061,1000.0,-50.6876,0.7321,-51.4197,REV
XRP,H1,LONG,2025-10-24 21:00,2025-10-30 02:00,2.5061,2.5837,1000.0,30.9644,0.7251,30.2394,REV
XRP,H1,SHORT,2025-10-30 02:00,2025-11-07 20:00,2.5837,2.3635,1000.0,85.2266,0.6836,84.543,REV
XRP,H1,LONG,2025-11-07 20:00,2025-11-09 10:00,2.3635,2.2653,1000.0,-41.5486,0.6992,-42.2477,REV
XRP,H1,SHORT,2025-11-09 10:00,2025-11-09 23:00,2.2653,2.3649,1000.0,-43.9677,0.7297,-44.6974,REV
XRP,H1,LONG,2025-11-09 23:00,2025-11-13 19:00,2.3649,2.3135,1000.0,-21.7345,0.7062,-22.4408,REV
XRP,H1,SHORT,2025-11-13 19:00,2025-11-24 08:00,2.3135,2.0721,1000.0,104.3441,0.6767,103.6673,REV
XRP,H1,LONG,2025-11-24 08:00,2025-11-28 17:00,2.0721,2.1746,1000.0,49.4667,0.7317,48.7351,REV
XRP,H1,SHORT,2025-11-28 17:00,2025-11-30 03:00,2.1746,2.2056,1000.0,-14.2555,0.7191,-14.9746,REV
XRP,H1,LONG,2025-11-30 03:00,2025-11-30 10:00,2.2056,2.1882,1000.0,-7.889,0.7112,-8.6002,REV
XRP,H1,SHORT,2025-11-30 10:00,2025-12-09 12:00,2.1882,2.0829,1000.0,48.1217,0.6968,47.4249,REV
XRP,H1,LONG,2025-12-09 12:00,2025-12-11 06:00,2.0829,2.0124,1000.0,-33.847,0.7019,-34.549,REV
XRP,H1,SHORT,2025-12-11 06:00,2025-12-19 22:00,2.0124,1.9067,1000.0,52.5243,0.6952,51.8291,REV
XRP,H1,LONG,2025-12-19 22:00,2025-12-23 16:00,1.9067,1.89,1000.0,-8.7586,0.7109,-9.4695,REV
XRP,H1,SHORT,2025-12-23 16:00,2025-12-29 03:00,1.89,1.9141,1000.0,-12.7513,0.7186,-13.4699,REV
XRP,H1,LONG,2025-12-29 03:00,2025-12-29 23:00,1.9141,1.8494,1000.0,-33.8018,0.7019,-34.5037,REV
XRP,H1,SHORT,2025-12-29 23:00,2025-12-30 08:00,1.8494,1.8659,1000.0,-8.9218,0.7172,-9.639,REV
XRP,H1,LONG,2025-12-30 08:00,2025-12-31 18:00,1.8659,1.8331,1000.0,-17.5786,0.7077,-18.2864,REV
XRP,H1,SHORT,2025-12-31 18:00,2026-01-02 09:00,1.8331,1.8966,1000.0,-34.6408,0.7264,-35.3671,REV
XRP,H1,LONG,2026-01-02 09:00,2026-01-09 07:00,1.8966,2.1191,1000.0,117.3152,0.7559,116.5593,REV
XRP,H1,SHORT,2026-01-09 07:00,2026-01-13 23:00,2.1191,2.1645,1000.0,-21.4242,0.7216,-22.1458,REV
XRP,H1,LONG,2026-01-13 23:00,2026-01-17 09:00,2.1645,2.0622,1000.0,-47.2626,0.6971,-47.9598,REV
XRP,H1,SHORT,2026-01-17 09:00,2026-02-09 02:00,2.0622,1.4415,1000.0,300.9892,0.6065,300.3827,REV
XRP,H1,LONG,2026-02-09 02:00,2026-02-10 06:00,1.4415,1.4191,1000.0,-15.5394,0.7085,-16.2478,REV
XRP,H1,SHORT,2026-02-10 06:00,2026-02-14 11:00,1.4191,1.4703,1000.0,-36.0792,0.7269,-36.8061,REV
XRP,H1,LONG,2026-02-14 11:00,2026-02-18 14:00,1.4703,1.4645,1000.0,-3.9448,0.7126,-4.6574,REV
XRP,H1,SHORT,2026-02-18 14:00,2026-02-25 20:00,1.4645,1.4638,1000.0,0.478,0.7138,-0.2359,REV
XRP,H1,LONG,2026-02-25 20:00,2026-02-28 08:00,1.4638,1.2856,1000.0,-121.7379,0.6705,-122.4085,REV
XRP,H1,SHORT,2026-02-28 08:00,2026-03-04 07:00,1.2856,1.3742,1000.0,-68.9172,0.7386,-69.6558,REV
XRP,H1,LONG,2026-03-04 07:00,2026-03-07 22:00,1.3742,1.3528,1000.0,-15.5727,0.7084,-16.2811,REV
XRP,H1,SHORT,2026-03-07 22:00,2026-03-10 06:00,1.3528,1.3794,1000.0,-19.6629,0.721,-20.3839,REV
XRP,H1,LONG,2026-03-10 06:00,2026-03-19 17:00,1.3794,1.4379,1000.0,42.4097,0.7291,41.6806,REV
XRP,H1,SHORT,2026-03-19 17:00,2026-03-25 23:00,1.4379,1.4138,1000.0,16.7606,0.708,16.0525,REV
XRP,H1,LONG,2026-03-25 23:00,2026-03-26 15:00,1.4138,1.3598,1000.0,-38.1949,0.7004,-38.8953,REV
XRP,H1,SHORT,2026-03-26 15:00,2026-04-01 14:00,1.3598,1.3553,1000.0,3.3093,0.7128,2.5965,REV
XRP,H1,LONG,2026-04-01 14:00,2026-04-02 12:00,1.3553,1.2899,1000.0,-48.255,0.6968,-48.9518,REV
XRP,H1,SHORT,2026-04-02 12:00,2026-04-06 01:00,1.2899,1.3291,1000.0,-30.39,0.7248,-31.1148,REV
XRP,H1,LONG,2026-04-06 01:00,2026-04-07 16:00,1.3291,1.2999,1000.0,-21.9698,0.7062,-22.6759,REV
XRP,H1,SHORT,2026-04-07 16:00,2026-04-07 23:00,1.2999,1.378,1000.0,-60.0815,0.7354,-60.817,REV
XRP,H1,LONG,2026-04-07 23:00,2026-04-11 14:00,1.378,1.3415,1000.0,-26.4877,0.7045,-27.1922,REV
XRP,H1,SHORT,2026-04-11 14:00,2026-04-13 22:00,1.3415,1.3741,1000.0,-24.3012,0.7227,-25.0238,REV
XRP,H1,LONG,2026-04-13 22:00,2026-04-20 07:00,1.3741,1.4144,1000.0,29.3283,0.7245,28.6038,REV
XRP,H1,SHORT,2026-04-20 07:00,2026-04-22 06:00,1.4144,1.4557,1000.0,-29.1997,0.7244,-29.9241,REV
XRP,H1,LONG,2026-04-22 06:00,2026-04-23 05:00,1.4557,1.4189,1000.0,-25.2799,0.705,-25.9849,REV
XRP,H1,SHORT,2026-04-23 05:00,2026-04-23 14:00,1.4189,1.4292,1000.0,-7.2591,0.7166,-7.9757,REV
XRP,H1,LONG,2026-04-23 14:00,2026-04-25 17:00,1.4292,1.4192,1000.0,-6.9969,0.7115,-7.7084,REV
XRP,H1,SHORT,2026-04-25 17:00,2026-04-27 00:00,1.4192,1.4388,1000.0,-13.8106,0.7189,-14.5295,REV
XRP,H1,LONG,2026-04-27 00:00,2026-04-27 09:00,1.4388,1.4158,1000.0,-15.9855,0.7083,-16.6938,REV
XRP,H1,SHORT,2026-04-27 09:00,2026-05-03 05:00,1.4158,1.384,1000.0,22.4608,0.706,21.7548,REV
XRP,H1,LONG,2026-05-03 05:00,2026-05-07 17:00,1.384,1.3911,1000.0,5.1301,0.7158,4.4142,REV
XRP,H1,SHORT,2026-05-07 17:00,2026-05-08 21:00,1.3911,1.421,1000.0,-21.4938,0.7217,-22.2155,REV
XRP,H1,LONG,2026-05-08 21:00,2026-05-10 01:00,1.421,1.4141,1000.0,-4.8557,0.7123,-5.568,REV
XRP,H1,SHORT,2026-05-10 01:00,2026-05-10 15:00,1.4141,1.4437,1000.0,-20.932,0.7215,-21.6535,REV
XRP,H1,LONG,2026-05-10 15:00,2026-05-14 05:00,1.4437,1.4352,1000.0,-5.8876,0.7119,-6.5995,REV
XRP,H1,SHORT,2026-05-14 05:00,2026-05-14 17:00,1.4352,1.4912,1000.0,-39.019,0.7279,-39.7469,REV
XRP,H1,LONG,2026-05-14 17:00,2026-05-15 13:00,1.4912,1.4314,1000.0,-40.1019,0.6997,-40.8016,REV
XRP,H1,SHORT,2026-05-15 13:00,2026-05-26 13:00,1.4314,1.3553,1000.0,53.1647,0.695,52.4697,REV
XRP,H1,LONG,2026-05-26 13:00,2026-05-27 09:00,1.3553,1.3285,1000.0,-19.7742,0.7069,-20.4812,REV
XRP,H1,SHORT,2026-05-27 09:00,2026-05-30 16:00,1.3285,1.3472,1000.0,-14.076,0.719,-14.7951,REV
XRP,H1,LONG,2026-05-30 16:00,2026-06-01 09:00,1.3472,1.3039,1000.0,-32.1407,0.7025,-32.8433,REV
XRP,H1,SHORT,2026-06-01 09:00,2026-06-03 23:00,1.3039,1.2005,1000.0,79.3006,0.6857,78.6149,OPEN
