symbol,trades,longs,shorts,wr_fee,wr_nofee,net,fee,gross,profit_factor,sharpe,max_dd_pct,results
1000BONK,248,248,0,33.47,38.71,747.5628,194.4677,942.0305,2.1394,3.0482,0.7579,"{""SL"": 208, ""TP"": 40}"
JTO,251,251,0,35.86,41.04,700.1496,206.8228,906.9725,2.1128,3.4135,1.1434,"{""SL"": 205, ""TP"": 46}"
1000PEPE,300,300,0,33.67,38.67,655.3923,232.244,887.6363,1.9083,2.7626,1.0852,"{""OPEN"": 1, ""SL"": 257, ""TP"": 42}"
WIF,213,213,0,32.39,39.91,551.8052,163.3642,715.1693,1.8566,2.3726,0.9364,"{""SL"": 179, ""TP"": 34}"
1000FLOKI,220,220,0,36.82,41.36,494.8344,168.9721,663.8065,1.9061,2.458,0.7678,"{""OPEN"": 1, ""SL"": 183, ""TP"": 36}"
JUP,232,232,0,35.34,41.38,446.9275,176.6087,623.5362,1.9629,3.1444,0.4406,"{""SL"": 187, ""TP"": 45}"
1INCH,295,295,0,36.95,46.78,439.0247,223.5022,662.527,2.0718,3.5674,0.3531,"{""SL"": 251, ""TP"": 44}"
XVG,247,247,0,36.03,42.51,419.8784,182.35,602.2283,2.0304,1.8099,0.5615,"{""SL"": 216, ""TP"": 31}"
ARKM,285,285,0,29.82,37.89,413.7421,219.3921,633.1342,1.6549,2.4895,0.4933,"{""SL"": 242, ""TP"": 43}"
IMX,296,296,0,33.45,38.85,406.6554,224.5756,631.231,1.7609,2.9164,0.4599,"{""SL"": 251, ""TP"": 45}"
ENS,228,228,0,36.84,42.11,403.8631,170.1775,574.0407,1.8629,2.6192,0.6259,"{""SL"": 193, ""TP"": 35}"
SEI,251,251,0,31.08,35.46,396.957,187.0618,584.0188,1.6527,2.1646,0.7202,"{""SL"": 211, ""TP"": 40}"
DYM,219,219,0,35.62,41.55,388.3016,164.7717,553.0732,1.8032,2.5152,0.8565,"{""SL"": 178, ""TP"": 41}"
WLD,271,271,0,31.37,36.53,384.1623,205.8881,590.0503,1.6215,2.3877,0.852,"{""SL"": 230, ""TP"": 41}"
YGG,258,258,0,33.33,39.53,342.4804,198.984,541.4644,1.6002,2.2958,0.4604,"{""SL"": 219, ""TP"": 39}"
CFX,233,233,0,32.19,39.91,338.5387,173.7148,512.2535,1.7991,2.5338,0.3575,"{""SL"": 197, ""TP"": 36}"
LQTY,232,232,0,36.21,45.26,335.4731,171.276,506.7491,1.8383,2.3848,0.4333,"{""SL"": 200, ""TP"": 32}"
QTUM,281,281,0,34.88,47.33,331.329,212.4564,543.7854,1.7975,2.2633,0.682,"{""SL"": 237, ""TP"": 44}"
FET,234,234,0,32.48,37.61,327.5077,176.3829,503.8906,1.6146,2.1057,0.7219,"{""SL"": 201, ""TP"": 33}"
1000SATS,234,234,0,32.05,35.9,326.0809,175.0238,501.1047,1.5675,1.9518,0.7669,"{""SL"": 198, ""TP"": 36}"
TRB,223,223,0,38.57,46.64,323.5509,166.8692,490.42,1.7796,2.5799,0.4428,"{""SL"": 185, ""TP"": 38}"
GTC,256,256,0,37.89,46.09,320.2125,190.1379,510.3504,1.7773,2.5043,0.3797,"{""SL"": 223, ""TP"": 33}"
NFP,264,264,0,28.03,35.98,317.8891,196.6116,514.5007,1.5343,2.045,0.6336,"{""SL"": 227, ""TP"": 37}"
CHZ,307,307,0,36.16,43.32,312.1866,225.2143,537.4009,1.6582,2.4945,0.3635,"{""SL"": 262, ""TP"": 45}"
PEOPLE,258,258,0,33.33,36.82,312.1252,190.989,503.1142,1.4821,1.7523,1.7071,"{""SL"": 221, ""TP"": 37}"
YFI,267,267,0,33.33,46.82,312.0512,198.6675,510.7187,1.8906,2.2144,0.4318,"{""SL"": 220, ""TP"": 47}"
JASMY,208,208,0,30.29,35.58,310.1897,155.5862,465.7759,1.6249,1.8907,0.6662,"{""SL"": 176, ""TP"": 32}"
PYTH,270,270,0,36.67,41.85,303.1148,200.8381,503.9529,1.5611,2.2856,0.9332,"{""SL"": 230, ""TP"": 40}"
ZEC,236,236,0,32.2,40.25,295.225,171.7414,466.9665,1.7299,2.3008,0.7293,"{""SL"": 197, ""TP"": 39}"
NEO,289,289,0,35.64,42.56,294.4554,217.4146,511.87,1.5997,2.3592,0.5556,"{""SL"": 241, ""TP"": 48}"
FIL,305,305,0,34.43,43.93,291.1735,230.3512,521.5247,1.5647,2.4339,0.4926,"{""SL"": 253, ""TP"": 52}"
HIGH,257,257,0,33.07,41.25,288.3959,189.5407,477.9367,1.5565,2.1508,0.5685,"{""SL"": 217, ""TP"": 40}"
UNI,250,250,0,34.0,40.8,283.9008,184.391,468.2918,1.6966,2.5025,0.6965,"{""SL"": 211, ""TP"": 39}"
ARB,275,275,0,36.36,43.64,275.4423,205.0453,480.4875,1.5994,2.3061,0.817,"{""SL"": 232, ""TP"": 43}"
TURBO,137,137,0,39.42,42.34,275.1887,100.3567,375.5454,1.7875,1.9459,0.5568,"{""SL"": 116, ""TP"": 21}"
MOODENG,38,38,0,42.11,44.74,270.2756,28.3794,298.655,2.9838,1.8812,0.5018,"{""SL"": 32, ""TP"": 6}"
RUNE,305,305,0,33.44,44.26,261.6166,229.7547,491.3713,1.5176,2.0844,0.8895,"{""SL"": 270, ""TP"": 35}"
ORDI,262,262,0,31.68,40.46,259.7076,193.3305,453.0381,1.4481,1.8941,1.1534,"{""SL"": 222, ""TP"": 40}"
ID,242,242,0,34.71,41.74,256.1428,180.8255,436.9683,1.5699,2.0281,0.2965,"{""SL"": 205, ""TP"": 37}"
ALGO,261,261,0,32.18,40.23,254.0705,192.8969,446.9673,1.5109,1.8196,0.4145,"{""SL"": 216, ""TP"": 45}"
XAI,283,283,0,32.16,38.87,249.0341,206.6926,455.7267,1.4223,1.8297,0.8085,"{""SL"": 244, ""TP"": 39}"
STORJ,282,282,0,35.46,45.04,248.8301,206.5824,455.4125,1.5723,2.0914,0.5674,"{""SL"": 250, ""TP"": 32}"
EDU,264,264,0,30.68,37.88,247.7934,197.5396,445.333,1.4921,1.9105,0.583,"{""SL"": 221, ""TP"": 43}"
STG,297,297,0,35.35,44.78,247.4654,214.6792,462.1445,1.5791,1.898,0.87,"{""SL"": 258, ""TP"": 39}"
ZIL,312,312,0,36.22,41.67,244.6468,232.0947,476.7416,1.5163,2.0618,0.5552,"{""SL"": 270, ""TP"": 42}"
MANA,303,303,0,33.99,40.26,243.5897,226.9958,470.5854,1.473,2.1748,0.8079,"{""SL"": 252, ""TP"": 51}"
VET,272,272,0,32.35,41.54,241.5957,200.6671,442.2627,1.5673,1.8779,0.307,"{""SL"": 232, ""TP"": 40}"
PENDLE,263,263,0,31.94,37.26,237.1194,199.1118,436.2313,1.3953,1.5857,0.9449,"{""SL"": 231, ""TP"": 32}"
STRK,209,209,0,32.54,40.67,234.4957,152.3381,386.8337,1.565,1.954,0.4983,"{""SL"": 177, ""TP"": 32}"
TIA,233,233,0,36.48,40.77,233.5874,171.457,405.0445,1.4697,1.8528,0.6093,"{""SL"": 198, ""TP"": 35}"
LDO,200,200,0,32.5,40.0,230.9323,144.7808,375.713,1.5802,1.9011,0.391,"{""SL"": 171, ""TP"": 29}"
API3,251,251,0,35.06,42.63,230.7357,184.0486,414.7843,1.5198,2.0026,0.4429,"{""SL"": 217, ""TP"": 34}"
APT,260,260,0,35.0,41.54,224.694,190.764,415.458,1.4617,1.854,0.4591,"{""SL"": 220, ""TP"": 40}"
STEEM,304,304,0,32.57,45.39,223.6338,224.3364,447.9703,1.5843,1.8437,0.4902,"{""SL"": 270, ""TP"": 34}"
GALA,283,283,0,26.5,34.63,219.6914,212.6516,432.343,1.3563,1.4939,0.7261,"{""SL"": 243, ""TP"": 40}"
GMT,232,232,0,35.78,44.83,218.5957,168.7797,387.3755,1.4999,1.8395,0.6758,"{""SL"": 189, ""TP"": 43}"
BB,104,104,0,40.38,46.15,217.8702,75.5241,293.3943,2.0445,1.8819,0.5656,"{""SL"": 86, ""TP"": 18}"
KAS,268,268,0,37.69,44.03,215.6116,196.9577,412.5693,1.4663,1.9186,0.4477,"{""SL"": 229, ""TP"": 39}"
AEVO,181,181,0,31.49,34.81,213.6699,131.6963,345.3662,1.5723,1.8963,0.7361,"{""SL"": 150, ""TP"": 31}"
OP,282,282,0,32.27,41.84,212.5617,203.7748,416.3365,1.4632,2.0182,0.6537,"{""SL"": 240, ""TP"": 42}"
LSK,263,263,0,32.7,38.02,211.2489,194.4128,405.6617,1.5003,2.1384,0.253,"{""SL"": 219, ""TP"": 44}"
PORTAL,191,191,0,31.94,40.31,209.9917,140.4706,350.4623,1.5635,1.8482,0.7173,"{""SL"": 162, ""TP"": 29}"
ENJ,308,308,0,33.77,40.26,200.5589,227.0587,427.6175,1.3727,1.7087,0.5741,"{""SL"": 265, ""TP"": 43}"
POLYX,270,270,0,37.04,45.93,195.1477,199.7197,394.8674,1.3882,1.5915,0.7357,"{""SL"": 236, ""TP"": 34}"
ACH,243,243,0,31.69,37.45,190.1559,180.4315,370.5874,1.3812,1.4785,0.7439,"{""SL"": 211, ""TP"": 32}"
PIXEL,237,237,0,30.38,35.02,189.9664,175.0961,365.0625,1.3533,1.3803,0.8588,"{""SL"": 204, ""TP"": 33}"
AXS,247,247,0,32.39,40.08,181.985,182.2756,364.2606,1.4731,1.9856,0.5422,"{""SL"": 208, ""TP"": 39}"
DOT,279,279,0,30.47,41.58,176.4331,201.6247,378.0578,1.3955,1.4431,0.7254,"{""SL"": 242, ""TP"": 37}"
ALICE,284,284,0,30.28,40.14,174.428,208.5538,382.9819,1.3474,1.6161,0.7155,"{""SL"": 242, ""TP"": 42}"
SAGA,157,157,0,37.58,45.22,174.0142,112.8514,286.8656,1.492,1.5073,0.6504,"{""SL"": 135, ""TP"": 22}"
MASK,266,266,0,33.08,40.23,173.6464,191.7626,365.409,1.3484,1.549,0.9421,"{""SL"": 222, ""TP"": 44}"
SUPER,241,241,0,31.95,40.25,165.977,177.3009,343.2779,1.3253,1.2955,1.1351,"{""SL"": 215, ""TP"": 26}"
W,198,198,0,33.33,37.88,164.4413,146.5034,310.9447,1.3794,1.4352,0.8395,"{""SL"": 168, ""TP"": 30}"
DOGS,93,93,0,36.56,39.78,164.0379,67.4059,231.4438,1.8331,1.7312,0.7295,"{""SL"": 78, ""TP"": 15}"
1MBABYDOGE,70,70,0,30.0,34.29,163.0513,50.8629,213.9142,1.7985,1.4128,0.6846,"{""SL"": 57, ""TP"": 13}"
XRP,258,258,0,30.62,41.47,162.3599,188.3084,350.6683,1.4712,1.6664,0.803,"{""SL"": 218, ""TP"": 40}"
ZEN,260,260,0,33.08,40.38,156.9041,189.3863,346.2903,1.3053,1.313,0.5306,"{""SL"": 221, ""TP"": 39}"
ICP,238,238,0,28.99,38.66,156.1955,172.7386,328.9341,1.3557,1.4568,0.4181,"{""SL"": 206, ""TP"": 32}"
TON,195,195,0,32.82,39.49,155.9266,140.655,296.5815,1.5171,1.6795,0.5352,"{""SL"": 165, ""TP"": 30}"
BAT,281,281,0,34.52,46.26,154.8609,208.0648,362.9257,1.3984,1.7076,0.3582,"{""SL"": 243, ""TP"": 38}"
BOME,207,207,0,30.92,35.27,153.6872,151.97,305.6573,1.339,1.3254,0.62,"{""SL"": 181, ""TP"": 26}"
AR,247,247,0,26.32,33.6,153.4955,179.914,333.4095,1.2785,1.1211,0.8144,"{""SL"": 216, ""TP"": 31}"
BCH,289,289,0,37.37,47.4,149.4716,209.9188,359.3903,1.385,1.6077,0.3528,"{""SL"": 254, ""TP"": 35}"
ADA,234,234,0,32.91,40.6,146.7734,171.4237,318.1971,1.3853,1.5393,0.4366,"{""SL"": 201, ""TP"": 33}"
TWT,252,252,0,36.11,47.22,143.6957,185.8708,329.5666,1.4113,1.6774,0.5523,"{""SL"": 219, ""TP"": 33}"
ONT,277,277,0,34.66,39.35,140.6935,203.2571,343.9506,1.2909,1.2363,0.7089,"{""SL"": 242, ""TP"": 35}"
APE,265,265,0,29.06,36.23,139.975,191.1702,331.1452,1.2748,1.0339,0.7278,"{""SL"": 232, ""TP"": 33}"
COS,66,66,0,36.36,43.94,139.4945,47.7517,187.2462,2.3138,1.5461,0.1992,"{""SL"": 59, ""TP"": 7}"
LUNA2,241,241,0,31.12,39.83,136.5711,173.0154,309.5865,1.2821,1.0978,0.7958,"{""SL"": 206, ""TP"": 35}"
DYDX,310,310,0,25.81,35.48,126.2972,223.5644,349.8617,1.2043,0.9249,0.8585,"{""SL"": 274, ""TP"": 36}"
LINK,246,246,0,35.37,43.9,124.7426,176.1159,300.8585,1.3402,1.3505,0.5971,"{""SL"": 212, ""TP"": 34}"
SNX,271,271,0,27.31,35.42,121.3245,199.3911,320.7156,1.2427,1.0874,0.5852,"{""SL"": 236, ""TP"": 35}"
NEIRO,74,74,0,31.08,35.14,119.6885,53.8487,173.5372,1.4129,0.9065,0.9413,"{""SL"": 63, ""TP"": 11}"
INJ,254,254,0,34.65,40.55,118.9587,182.6097,301.5684,1.2328,1.0457,1.0781,"{""SL"": 223, ""TP"": 31}"
1000SHIB,302,302,0,29.14,37.09,115.0218,218.1073,333.1292,1.207,0.8096,0.927,"{""SL"": 262, ""TP"": 40}"
SOL,245,245,0,31.43,37.96,112.4193,178.9418,291.3611,1.2767,1.178,0.5916,"{""SL"": 209, ""TP"": 36}"
EGLD,266,266,0,29.7,38.72,111.9564,193.8555,305.8119,1.2643,1.1053,0.5306,"{""SL"": 229, ""TP"": 37}"
MORPHO,13,13,0,30.77,38.46,109.2484,9.4786,118.727,2.982,1.2431,0.332,"{""SL"": 9, ""TP"": 4}"
GOAT,50,50,0,30.0,32.0,105.411,36.4542,141.8652,1.4579,0.9157,0.4799,"{""SL"": 41, ""TP"": 9}"
IO,113,113,0,29.2,30.97,105.2931,82.3345,187.6276,1.3302,0.93,0.7066,"{""SL"": 96, ""TP"": 17}"
GRT,256,256,0,31.25,37.5,101.599,185.8082,287.4072,1.2159,0.8908,0.9437,"{""SL"": 228, ""TP"": 28}"
CATI,61,61,0,39.34,47.54,101.2841,44.3768,145.6608,2.0218,1.6932,0.2491,"{""OPEN"": 1, ""SL"": 51, ""TP"": 9}"
DOGE,285,285,0,30.53,36.49,100.4859,201.7634,302.2492,1.1911,0.8073,1.5477,"{""SL"": 245, ""TP"": 40}"
1000LUNC,229,229,0,26.64,35.37,100.4435,167.7315,268.1751,1.2264,0.9473,0.7795,"{""SL"": 198, ""TP"": 31}"
RENDER,122,122,0,28.69,38.52,98.9092,87.6133,186.5224,1.3904,1.1118,0.4717,"{""SL"": 105, ""TP"": 17}"
DUSK,240,240,0,27.92,35.0,97.016,172.1606,269.1766,1.2139,0.8716,0.6612,"{""SL"": 216, ""TP"": 24}"
MBOX,108,108,0,33.33,39.81,93.5226,77.7403,171.263,1.4957,1.1271,0.4228,"{""SL"": 96, ""TP"": 12}"
AIXBT,15,15,0,40.0,53.33,90.8648,10.6897,101.5545,2.4079,1.1252,0.4799,"{""SL"": 11, ""TP"": 4}"
SUSHI,246,246,0,31.3,41.06,90.3982,179.2756,269.6737,1.2125,0.9248,0.7663,"{""SL"": 211, ""TP"": 35}"
XLM,261,261,0,28.35,39.46,90.3687,186.0401,276.4088,1.2597,0.8036,0.7253,"{""SL"": 230, ""TP"": 31}"
COW,20,20,0,45.0,45.0,88.187,14.63,102.817,2.6641,1.5471,0.1683,"{""SL"": 13, ""TP"": 7}"
ETC,266,266,0,30.45,41.73,87.853,191.8463,279.6993,1.1986,0.9524,0.4636,"{""SL"": 229, ""TP"": 37}"
TAO,159,159,0,30.19,34.59,86.6007,114.5618,201.1626,1.2297,0.8776,0.4875,"{""SL"": 136, ""TP"": 23}"
DRIFT,43,43,0,44.19,46.51,83.9555,30.7933,114.7487,1.8636,1.0957,0.1801,"{""SL"": 37, ""TP"": 6}"
AGLD,296,296,0,35.81,41.89,83.5187,215.9531,299.4718,1.1496,0.782,0.7224,"{""SL"": 259, ""TP"": 37}"
NOT,154,154,0,31.17,40.26,82.1528,110.4319,192.5848,1.273,0.8306,0.7553,"{""SL"": 138, ""TP"": 16}"
CAKE,271,271,0,30.26,38.01,74.8317,196.6497,271.4814,1.1732,0.8394,0.5098,"{""SL"": 234, ""TP"": 37}"
BIGTIME,243,243,0,27.16,35.8,74.1451,176.015,250.1601,1.1162,0.4959,1.3635,"{""SL"": 216, ""TP"": 27}"
NEAR,244,244,0,23.77,33.2,72.5593,177.0187,249.578,1.1324,0.6469,0.7258,"{""SL"": 209, ""TP"": 35}"
ZRO,136,136,0,32.35,36.76,72.0088,98.1927,170.2015,1.2372,0.7426,0.4993,"{""SL"": 119, ""TP"": 17}"
FIDA,76,76,0,35.53,36.84,71.7494,54.565,126.3144,1.4188,0.8366,0.6733,"{""SL"": 66, ""TP"": 10}"
COMP,263,263,0,31.18,39.16,69.6988,188.7968,258.4956,1.1543,0.7038,0.6644,"{""SL"": 231, ""TP"": 32}"
HBAR,257,257,0,24.51,29.96,66.6032,185.2967,251.8999,1.1271,0.5212,0.7881,"{""SL"": 232, ""TP"": 25}"
SAND,267,267,0,32.58,41.95,63.703,194.3047,258.0077,1.1377,0.6722,0.5858,"{""OPEN"": 1, ""SL"": 230, ""TP"": 36}"
BTC,265,265,0,35.09,49.06,60.6133,190.0582,250.6715,1.2486,1.1298,0.4275,"{""SL"": 227, ""TP"": 38}"
ATOM,299,299,0,28.76,40.47,59.693,212.2022,271.8952,1.1406,0.5733,0.7663,"{""SL"": 271, ""TP"": 28}"
ONDO,240,240,0,26.67,31.67,59.5597,172.3881,231.9478,1.1024,0.4649,1.6867,"{""SL"": 213, ""TP"": 27}"
LTC,286,286,0,29.72,43.01,58.7393,205.1402,263.8794,1.1558,0.7836,0.3005,"{""SL"": 244, ""TP"": 42}"
DASH,249,249,0,29.32,37.35,55.2893,177.6779,232.9672,1.1424,0.6421,0.6061,"{""SL"": 212, ""TP"": 37}"
ZK,137,137,0,25.55,34.31,51.0486,98.3708,149.4194,1.1828,0.5776,0.5026,"{""SL"": 119, ""TP"": 18}"
QNT,224,224,0,27.68,37.95,47.0032,162.6926,209.6958,1.1302,0.576,0.4506,"{""SL"": 196, ""TP"": 28}"
SUI,248,248,0,27.02,33.47,46.8206,177.0267,223.8473,1.0807,0.4106,1.2941,"{""SL"": 218, ""TP"": 30}"
SANTOS,34,34,0,38.24,47.06,46.0615,24.6124,70.6739,1.6313,0.8992,0.3751,"{""SL"": 28, ""TP"": 6}"
KAIA,16,16,0,43.75,56.25,41.1575,11.4696,52.6271,3.0692,1.3648,0.0969,"{""SL"": 12, ""TP"": 4}"
ALT,235,235,0,33.62,37.87,40.4267,166.7857,207.2124,1.0775,0.375,1.4573,"{""SL"": 208, ""TP"": 27}"
STX,217,217,0,31.8,38.25,37.783,152.8225,190.6055,1.0873,0.4096,0.9448,"{""SL"": 191, ""TP"": 26}"
BNB,273,273,0,30.04,43.22,37.4239,196.7034,234.1272,1.1329,0.6512,0.3845,"{""SL"": 238, ""TP"": 35}"
AAVE,238,238,0,32.77,36.97,37.2151,170.6292,207.8442,1.0814,0.4278,0.886,"{""SL"": 201, ""TP"": 37}"
LPT,284,284,0,29.23,34.51,35.6484,205.5481,241.1966,1.0541,0.2616,1.2958,"{""SL"": 255, ""TP"": 29}"
AKT,31,31,0,48.39,48.39,33.7309,22.3049,56.0358,1.745,0.9563,0.1744,"{""SL"": 27, ""TP"": 4}"
THETA,237,237,0,26.58,34.18,31.4097,168.9042,200.3139,1.064,0.3084,1.056,"{""SL"": 207, ""TP"": 30}"
IOTA,239,239,0,29.29,36.4,29.8012,172.3937,202.1949,1.0682,0.3194,0.8063,"{""SL"": 213, ""TP"": 26}"
AERO,12,12,0,41.67,41.67,26.5636,8.564,35.1277,2.3035,0.9251,0.1481,"{""SL"": 9, ""TP"": 3}"
EIGEN,59,59,0,30.51,33.9,26.4663,42.5058,68.9721,1.1526,0.3822,0.4192,"{""SL"": 51, ""TP"": 8}"
ETH,277,277,0,30.32,44.04,20.2747,197.7887,218.0634,1.0688,0.3425,0.4145,"{""SL"": 247, ""TP"": 30}"
VIRTUAL,11,11,0,36.36,36.36,16.1313,7.8688,24.0001,1.5058,0.3586,0.1664,"{""SL"": 10, ""TP"": 1}"
AXL,231,231,0,29.0,32.9,15.4992,162.1121,177.6113,1.0325,0.1557,1.2064,"{""SL"": 210, ""TP"": 21}"
ETHFI,209,209,0,27.27,32.06,13.1708,148.4117,161.5825,1.026,0.1381,0.8889,"{""SL"": 184, ""TP"": 25}"
DEXE,3,3,0,100.0,100.0,12.6147,2.1499,14.7646,12614.7048,4.6978,0.0,"{""SL"": 3}"
HIVE,4,4,0,50.0,50.0,10.4631,2.8661,13.3292,1.4284,0.2614,0.1517,"{""SL"": 3, ""TP"": 1}"
AVAX,259,259,0,32.05,41.31,10.3675,186.1572,196.5247,1.0232,0.1363,0.7094,"{""SL"": 228, ""TP"": 31}"
POL,84,84,0,33.33,45.24,8.4643,60.3684,68.8327,1.0648,0.2092,0.6208,"{""SL"": 75, ""TP"": 9}"
FARTCOIN,1,1,0,100.0,100.0,7.8962,0.7171,8.6133,7896.1797,0.0,0.0,"{""SL"": 1}"
RIF,252,252,0,26.19,33.33,7.7175,178.6404,186.3578,1.0159,0.0913,0.6698,"{""SL"": 227, ""TP"": 25}"
ME,9,9,0,33.33,33.33,0.1148,6.4212,6.536,1.0026,0.0081,0.3369,"{""SL"": 7, ""TP"": 2}"
GRASS,36,36,0,16.67,22.22,-3.0907,25.9476,22.8569,0.976,-0.0317,0.7491,"{""SL"": 33, ""TP"": 3}"
ORCA,13,13,0,23.08,23.08,-6.3321,9.2373,2.9052,0.8321,-0.2381,0.3157,"{""SL"": 11, ""TP"": 2}"
XMR,290,290,0,28.28,35.52,-7.3267,208.8013,201.4745,0.9839,-0.0755,1.6933,"{""SL"": 254, ""TP"": 36}"
VANA,10,10,0,10.0,10.0,-13.617,7.1022,-6.5148,0.6911,-0.3718,0.3676,"{""SL"": 9, ""TP"": 1}"
PENGU,1,1,0,0.0,0.0,-14.1822,0.7092,-13.4731,0.0,0.0,0.1418,"{""SL"": 1}"
ROSE,252,252,0,27.78,32.94,-18.2857,177.8394,159.5537,0.9592,-0.1728,0.9069,"{""SL"": 229, ""TP"": 23}"
THE,18,18,0,27.78,33.33,-22.4772,12.7604,-9.7167,0.6543,-0.6442,0.3632,"{""SL"": 17, ""TP"": 1}"
SPX,11,11,0,18.18,27.27,-24.6997,7.7974,-16.9023,0.3782,-1.2171,0.3972,"{""SL"": 10, ""TP"": 1}"
ENA,166,166,0,23.49,30.12,-24.736,118.964,94.2281,0.9473,-0.1973,1.1039,"{""SL"": 145, ""TP"": 21}"
BTCDOM,244,244,0,23.77,37.7,-27.2697,173.4739,146.2043,0.8745,-0.7368,0.5663,"{""SL"": 202, ""TP"": 42}"
XTZ,258,258,0,27.91,34.11,-36.7619,184.2873,147.5253,0.9243,-0.4362,1.0786,"{""SL"": 221, ""TP"": 37}"
TRX,272,272,0,29.04,46.32,-43.1799,193.557,150.3771,0.8277,-0.9987,0.6274,"{""SL"": 237, ""TP"": 35}"
MEME,262,262,0,29.39,37.4,-62.1689,183.5906,121.4217,0.8909,-0.5659,1.7511,"{""SL"": 233, ""TP"": 29}"
RONIN,243,243,0,29.63,40.33,-69.6839,170.2855,100.6015,0.8278,-0.9511,1.3912,"{""SL"": 219, ""TP"": 24}"
MOVE,22,22,0,22.73,22.73,-69.8058,15.5343,-54.2715,0.2481,-2.6032,0.9154,"{""SL"": 22}"
BLUR,302,302,0,26.82,34.44,-71.83,212.217,140.387,0.8856,-0.5841,1.7319,"{""SL"": 274, ""TP"": 28}"
POPCAT,71,71,0,23.94,28.17,-73.4761,50.1083,-23.3678,0.7083,-0.9238,1.7281,"{""SL"": 65, ""TP"": 6}"
PNUT,33,33,0,21.21,21.21,-86.4974,22.9862,-63.5113,0.5497,-1.2047,1.2377,"{""SL"": 29, ""TP"": 4}"
MINA,289,289,0,28.37,34.26,-86.8845,202.0072,115.1227,0.8353,-0.9037,1.4058,"{""SL"": 266, ""TP"": 23}"
CRV,220,220,0,29.09,32.73,-105.0933,154.7089,49.6156,0.8245,-0.9575,1.5847,"{""SL"": 186, ""TP"": 34}"
USDC,467,467,0,0.0,80.73,-306.3559,317.8853,11.5294,0.0,-277.9218,3.0636,"{""SL"": 414, ""TIMEOUT"": 1, ""TP"": 52}"
