trade_no,symbol,entry_time,exit_time,side,exit_reason,entry_price,exit_price,quantity,pnl_usd,fee_usd,net_pnl,result,balance_after
1,PAXGUSDT,2025-03-29 11:55:00+00:00,2025-03-29 13:00:00+00:00,LONG,TP,3104.47,3107.5745,16.105809,50.0,35.0,15.0,WIN,10015.0
2,PAXGUSDT,2025-03-29 20:45:00+00:00,2025-04-03 11:00:00+00:00,SHORT,TP,3106.87,3103.7631,16.093367,50.0,35.0,15.0,WIN,10030.0
3,PAXGUSDT,2025-04-03 22:45:00+00:00,2025-04-03 23:25:00+00:00,LONG,TP,3125.36,3128.4854,15.998157,50.0,35.0,15.0,WIN,10045.0
4,PAXGUSDT,2025-04-04 02:10:00+00:00,2025-04-04 02:20:00+00:00,SHORT,TP,3117.39,3114.2726,16.039058,50.0,35.0,15.0,WIN,10060.0
5,PAXGUSDT,2025-04-05 22:25:00+00:00,2025-04-09 09:45:00+00:00,LONG,TP,3066.09,3069.1561,16.307414,50.0,35.0,15.0,WIN,10075.0
6,PAXGUSDT,2025-04-10 00:35:00+00:00,2025-04-10 02:05:00+00:00,LONG,TP,3113.08,3116.1931,16.061264,50.0,35.0,15.0,WIN,10090.0
7,PAXGUSDT,2025-04-11 10:10:00+00:00,2025-04-11 10:10:00+00:00,LONG,TP,3256.15,3259.4061,15.355558,50.0,35.0,15.0,WIN,10105.0
8,PAXGUSDT,2025-04-11 23:55:00+00:00,2025-04-12 00:10:00+00:00,LONG,TP,3263.53,3266.7935,15.320834,50.0,35.0,15.0,WIN,10120.0
9,PAXGUSDT,2025-04-12 09:50:00+00:00,2025-04-12 10:35:00+00:00,SHORT,TP,3280.28,3276.9997,15.242601,50.0,35.0,15.0,WIN,10135.0
10,PAXGUSDT,2025-04-13 06:25:00+00:00,2025-04-13 06:30:00+00:00,LONG,TP,3247.71,3250.9577,15.395463,50.0,35.0,15.0,WIN,10150.0
11,PAXGUSDT,2025-04-13 15:45:00+00:00,2025-04-13 15:45:00+00:00,LONG,TP,3256.43,3259.6864,15.354238,50.0,35.0,15.0,WIN,10165.0
12,PAXGUSDT,2025-04-13 22:35:00+00:00,2025-04-13 22:35:00+00:00,SHORT,TP,3244.81,3241.5652,15.409223,50.0,35.0,15.0,WIN,10180.0
13,PAXGUSDT,2025-04-14 01:55:00+00:00,2025-04-14 02:00:00+00:00,LONG,TP,3262.71,3265.9727,15.324684,50.0,35.0,15.0,WIN,10195.0
14,PAXGUSDT,2025-04-14 08:40:00+00:00,2025-04-14 08:40:00+00:00,SHORT,TP,3247.04,3243.793,15.39864,50.0,35.0,15.0,WIN,10210.0
15,PAXGUSDT,2025-04-14 20:00:00+00:00,2025-04-14 23:55:00+00:00,LONG,TP,3232.3,3235.5323,15.468861,50.0,35.0,15.0,WIN,10225.0
16,PAXGUSDT,2025-04-15 17:55:00+00:00,2025-04-15 22:00:00+00:00,LONG,TP,3245.03,3248.275,15.408178,50.0,35.0,15.0,WIN,10240.0
17,PAXGUSDT,2025-04-17 02:10:00+00:00,2025-04-17 02:30:00+00:00,SHORT,TP,3350.47,3347.1195,14.923279,50.0,35.0,15.0,WIN,10255.0
18,PAXGUSDT,2025-04-17 21:15:00+00:00,2025-04-17 23:15:00+00:00,LONG,TP,3339.7,3343.0397,14.971405,50.0,35.0,15.0,WIN,10270.0
19,PAXGUSDT,2025-04-18 19:50:00+00:00,2025-04-18 20:50:00+00:00,SHORT,TP,3353.3,3349.9467,14.910685,50.0,35.0,15.0,WIN,10285.0
20,PAXGUSDT,2025-04-18 21:25:00+00:00,2025-04-19 01:40:00+00:00,SHORT,TP,3349.58,3346.2304,14.927245,50.0,35.0,15.0,WIN,10300.0
21,PAXGUSDT,2025-04-19 16:15:00+00:00,2025-04-19 17:40:00+00:00,LONG,TP,3348.8,3352.1488,14.930721,50.0,35.0,15.0,WIN,10315.0
22,PAXGUSDT,2025-04-20 09:30:00+00:00,2025-04-20 11:35:00+00:00,LONG,TP,3350.96,3354.311,14.921097,50.0,35.0,15.0,WIN,10330.0
23,PAXGUSDT,2025-04-20 16:40:00+00:00,2025-04-22 22:05:00+00:00,SHORT,TP,3348.2,3344.8518,14.933397,50.0,35.0,15.0,WIN,10345.0
24,PAXGUSDT,2025-04-23 06:25:00+00:00,2025-04-23 06:40:00+00:00,SHORT,TP,3342.5,3339.1575,14.958863,50.0,35.0,15.0,WIN,10360.0
25,PAXGUSDT,2025-04-24 11:15:00+00:00,2025-04-24 11:20:00+00:00,LONG,TP,3354.33,3357.6843,14.906106,50.0,35.0,15.0,WIN,10375.0
26,PAXGUSDT,2025-04-24 14:10:00+00:00,2025-04-25 05:40:00+00:00,SHORT,TP,3325.16,3321.8348,15.03687,50.0,35.0,15.0,WIN,10390.0
27,PAXGUSDT,2025-04-25 20:20:00+00:00,2025-04-25 20:20:00+00:00,LONG,TP,3305.4,3308.7054,15.126762,50.0,35.0,15.0,WIN,10405.0
28,PAXGUSDT,2025-04-26 08:45:00+00:00,2025-04-26 09:05:00+00:00,SHORT,TP,3307.33,3304.0227,15.117935,50.0,35.0,15.0,WIN,10420.0
29,PAXGUSDT,2025-04-26 15:10:00+00:00,2025-04-27 04:55:00+00:00,LONG,TP,3316.15,3319.4661,15.077726,50.0,35.0,15.0,WIN,10435.0
30,PAXGUSDT,2025-04-27 05:15:00+00:00,2025-04-27 15:25:00+00:00,LONG,TP,3318.16,3321.4782,15.068592,50.0,35.0,15.0,WIN,10450.0
31,PAXGUSDT,2025-04-27 15:45:00+00:00,2025-04-27 16:30:00+00:00,LONG,TP,3322.25,3325.5722,15.050041,50.0,35.0,15.0,WIN,10465.0
32,PAXGUSDT,2025-04-27 22:50:00+00:00,2025-04-27 23:00:00+00:00,SHORT,TP,3318.47,3315.1515,15.067185,50.0,35.0,15.0,WIN,10480.0
33,PAXGUSDT,2025-04-28 10:00:00+00:00,2025-05-01 00:20:00+00:00,SHORT,TP,3278.2,3274.9218,15.252273,50.0,35.0,15.0,WIN,10495.0
34,PAXGUSDT,2025-05-01 18:50:00+00:00,2025-05-01 20:05:00+00:00,LONG,TP,3240.52,3243.7605,15.429622,50.0,35.0,15.0,WIN,10510.0
35,PAXGUSDT,2025-05-02 13:15:00+00:00,2025-05-02 15:35:00+00:00,SHORT,TP,3252.66,3249.4073,15.372034,50.0,35.0,15.0,WIN,10525.0
36,PAXGUSDT,2025-05-03 09:30:00+00:00,2025-05-03 10:35:00+00:00,LONG,TP,3257.42,3260.6774,15.349571,50.0,35.0,15.0,WIN,10540.0
37,PAXGUSDT,2025-05-04 00:30:00+00:00,2025-05-04 01:00:00+00:00,SHORT,TP,3254.22,3250.9658,15.364665,50.0,35.0,15.0,WIN,10555.0
38,PAXGUSDT,2025-05-04 09:50:00+00:00,2025-05-04 12:40:00+00:00,LONG,TP,3256.61,3259.8666,15.353389,50.0,35.0,15.0,WIN,10570.0
39,PAXGUSDT,2025-05-04 16:40:00+00:00,2025-05-12 07:20:00+00:00,SHORT,TP,3251.84,3248.5882,15.37591,50.0,35.0,15.0,WIN,10585.0
40,PAXGUSDT,2025-05-12 14:35:00+00:00,2025-05-12 14:35:00+00:00,LONG,TP,3254.62,3257.8746,15.362777,50.0,35.0,15.0,WIN,10600.0
41,PAXGUSDT,2025-05-13 01:55:00+00:00,2025-05-14 11:55:00+00:00,SHORT,TP,3232.36,3229.1276,15.468574,50.0,35.0,15.0,WIN,10615.0
42,PAXGUSDT,2025-05-14 12:15:00+00:00,2025-05-14 12:15:00+00:00,SHORT,TP,3224.18,3220.9558,15.507819,50.0,35.0,15.0,WIN,10630.0
43,PAXGUSDT,2025-05-15 01:05:00+00:00,2025-05-15 13:05:00+00:00,LONG,TP,3201.38,3204.5814,15.618265,50.0,35.0,15.0,WIN,10645.0
44,PAXGUSDT,2025-05-16 02:55:00+00:00,2025-05-16 03:00:00+00:00,SHORT,TP,3225.32,3222.0947,15.502338,50.0,35.0,15.0,WIN,10660.0
45,PAXGUSDT,2025-05-16 18:05:00+00:00,2025-05-16 19:15:00+00:00,LONG,TP,3209.65,3212.8596,15.578023,50.0,35.0,15.0,WIN,10675.0
46,PAXGUSDT,2025-05-17 15:05:00+00:00,2025-05-18 02:55:00+00:00,LONG,TP,3224.27,3227.4943,15.507386,50.0,35.0,15.0,WIN,10690.0
47,PAXGUSDT,2025-05-18 08:35:00+00:00,2025-05-18 12:15:00+00:00,SHORT,TP,3216.43,3213.2136,15.545185,50.0,35.0,15.0,WIN,10705.0
48,PAXGUSDT,2025-05-18 15:45:00+00:00,2025-05-18 15:50:00+00:00,LONG,TP,3221.76,3224.9818,15.519468,50.0,35.0,15.0,WIN,10720.0
49,PAXGUSDT,2025-05-18 18:20:00+00:00,2025-05-18 19:40:00+00:00,SHORT,TP,3212.86,3209.6471,15.562458,50.0,35.0,15.0,WIN,10735.0
50,PAXGUSDT,2025-05-18 21:55:00+00:00,2025-05-18 22:00:00+00:00,LONG,TP,3224.01,3227.234,15.508637,50.0,35.0,15.0,WIN,10750.0
51,PAXGUSDT,2025-05-19 08:30:00+00:00,2025-05-19 08:50:00+00:00,LONG,TP,3250.49,3253.7405,15.382296,50.0,35.0,15.0,WIN,10765.0
52,PAXGUSDT,2025-05-19 16:05:00+00:00,2025-05-19 16:20:00+00:00,SHORT,TP,3246.74,3243.4933,15.400063,50.0,35.0,15.0,WIN,10780.0
53,PAXGUSDT,2025-05-20 08:00:00+00:00,2025-05-20 08:35:00+00:00,LONG,TP,3239.3,3242.5393,15.435434,50.0,35.0,15.0,WIN,10795.0
54,PAXGUSDT,2025-05-21 12:50:00+00:00,2025-05-21 13:50:00+00:00,SHORT,TP,3306.98,3303.673,15.119535,50.0,35.0,15.0,WIN,10810.0
55,PAXGUSDT,2025-05-21 19:25:00+00:00,2025-05-21 19:30:00+00:00,LONG,TP,3327.52,3330.8475,15.026206,50.0,35.0,15.0,WIN,10825.0
56,PAXGUSDT,2025-05-22 08:35:00+00:00,2025-05-22 08:35:00+00:00,SHORT,TP,3319.92,3316.6001,15.060604,50.0,35.0,15.0,WIN,10840.0
57,PAXGUSDT,2025-05-23 23:25:00+00:00,2025-05-25 22:20:00+00:00,SHORT,TP,3352.93,3349.5771,14.91233,50.0,35.0,15.0,WIN,10855.0
58,PAXGUSDT,2025-05-26 08:40:00+00:00,2025-05-26 09:25:00+00:00,SHORT,TP,3340.6,3337.2594,14.967371,50.0,35.0,15.0,WIN,10870.0
59,PAXGUSDT,2025-05-26 14:15:00+00:00,2025-05-26 16:40:00+00:00,LONG,TP,3347.33,3350.6773,14.937278,50.0,35.0,15.0,WIN,10885.0
60,PAXGUSDT,2025-05-27 01:45:00+00:00,2025-05-27 05:25:00+00:00,SHORT,TP,3341.91,3338.5681,14.961504,50.0,35.0,15.0,WIN,10900.0
61,PAXGUSDT,2025-05-27 17:25:00+00:00,2025-05-27 18:30:00+00:00,LONG,TP,3313.61,3316.9236,15.089283,50.0,35.0,15.0,WIN,10915.0
62,PAXGUSDT,2025-05-28 07:55:00+00:00,2025-05-28 10:00:00+00:00,LONG,TP,3331.42,3334.7514,15.008615,50.0,35.0,15.0,WIN,10930.0
63,PAXGUSDT,2025-05-28 14:20:00+00:00,2025-05-28 15:00:00+00:00,SHORT,TP,3315.2,3311.8848,15.082046,50.0,35.0,15.0,WIN,10945.0
64,PAXGUSDT,2025-05-29 06:35:00+00:00,2025-05-29 07:10:00+00:00,LONG,TP,3287.4,3290.6874,15.209588,50.0,35.0,15.0,WIN,10960.0
65,PAXGUSDT,2025-05-29 23:15:00+00:00,2025-05-30 00:20:00+00:00,SHORT,TP,3325.24,3321.9148,15.036509,50.0,35.0,15.0,WIN,10975.0
66,PAXGUSDT,2025-05-30 12:25:00+00:00,2025-05-30 12:25:00+00:00,LONG,TP,3313.03,3316.343,15.091925,50.0,35.0,15.0,WIN,10990.0
67,PAXGUSDT,2025-05-30 14:00:00+00:00,2025-05-30 14:00:00+00:00,SHORT,TP,3290.08,3286.7899,15.197199,50.0,35.0,15.0,WIN,11005.0
68,PAXGUSDT,2025-05-30 21:10:00+00:00,2025-05-31 02:50:00+00:00,LONG,TP,3303.1,3306.4031,15.137295,50.0,35.0,15.0,WIN,11020.0
69,PAXGUSDT,2025-05-31 03:45:00+00:00,2025-06-01 18:55:00+00:00,LONG,TP,3307.5,3310.8075,15.117158,50.0,35.0,15.0,WIN,11035.0
70,PAXGUSDT,2025-06-03 01:20:00+00:00,2025-06-03 03:40:00+00:00,SHORT,TP,3373.66,3370.2863,14.820699,50.0,35.0,15.0,WIN,11050.0
71,PAXGUSDT,2025-06-03 21:05:00+00:00,2025-06-03 21:30:00+00:00,LONG,TP,3364.19,3367.5542,14.862419,50.0,35.0,15.0,WIN,11065.0
72,PAXGUSDT,2025-06-04 05:35:00+00:00,2025-06-04 11:25:00+00:00,SHORT,TP,3361.41,3358.0486,14.87471,50.0,35.0,15.0,WIN,11080.0
73,PAXGUSDT,2025-06-05 09:00:00+00:00,2025-06-05 09:00:00+00:00,LONG,TP,3389.0,3392.389,14.753615,50.0,35.0,15.0,WIN,11095.0
74,PAXGUSDT,2025-06-05 15:30:00+00:00,2025-06-05 15:30:00+00:00,SHORT,TP,3378.61,3375.2314,14.798985,50.0,35.0,15.0,WIN,11110.0
75,PAXGUSDT,2025-06-05 22:50:00+00:00,2025-06-06 00:05:00+00:00,LONG,TP,3377.96,3381.338,14.801833,50.0,35.0,15.0,WIN,11125.0
76,PAXGUSDT,2025-06-06 07:15:00+00:00,2025-06-06 07:45:00+00:00,SHORT,TP,3376.6,3373.2234,14.807795,50.0,35.0,15.0,WIN,11140.0
77,PAXGUSDT,2025-06-07 08:55:00+00:00,2025-06-08 04:40:00+00:00,LONG,TP,3333.67,3337.0037,14.998485,50.0,35.0,15.0,WIN,11155.0
78,PAXGUSDT,2025-06-08 14:55:00+00:00,2025-06-09 06:50:00+00:00,LONG,TP,3337.77,3341.1078,14.980062,50.0,35.0,15.0,WIN,11170.0
79,PAXGUSDT,2025-06-09 13:30:00+00:00,2025-06-10 01:25:00+00:00,SHORT,TP,3332.77,3329.4372,15.002535,50.0,35.0,15.0,WIN,11185.0
80,PAXGUSDT,2025-06-10 07:20:00+00:00,2025-06-10 07:30:00+00:00,LONG,TP,3342.21,3345.5522,14.960161,50.0,35.0,15.0,WIN,11200.0
81,PAXGUSDT,2025-06-10 15:20:00+00:00,2025-06-10 16:15:00+00:00,SHORT,TP,3338.89,3335.5511,14.975037,50.0,35.0,15.0,WIN,11215.0
82,PAXGUSDT,2025-06-11 00:20:00+00:00,2025-06-11 00:40:00+00:00,LONG,TP,3343.36,3346.7034,14.955015,50.0,35.0,15.0,WIN,11230.0
83,PAXGUSDT,2025-06-11 10:35:00+00:00,2025-06-11 10:55:00+00:00,SHORT,TP,3348.87,3345.5211,14.930409,50.0,35.0,15.0,WIN,11245.0
84,PAXGUSDT,2025-06-11 12:40:00+00:00,2025-06-11 21:25:00+00:00,LONG,TP,3369.55,3372.9195,14.838777,50.0,35.0,15.0,WIN,11260.0
85,PAXGUSDT,2025-06-12 07:45:00+00:00,2025-06-24 00:00:00+00:00,SHORT,TP,3358.2,3354.8418,14.888929,50.0,35.0,15.0,WIN,11275.0
86,PAXGUSDT,2025-06-24 19:40:00+00:00,2025-06-24 20:40:00+00:00,LONG,TP,3343.53,3346.8735,14.954255,50.0,35.0,15.0,WIN,11290.0
87,PAXGUSDT,2025-06-25 08:15:00+00:00,2025-06-25 09:05:00+00:00,SHORT,TP,3342.87,3339.5271,14.957207,50.0,35.0,15.0,WIN,11305.0
88,PAXGUSDT,2025-06-25 16:25:00+00:00,2025-06-25 16:40:00+00:00,LONG,TP,3341.61,3344.9516,14.962847,50.0,35.0,15.0,WIN,11320.0
89,PAXGUSDT,2025-06-26 06:20:00+00:00,2025-06-26 12:50:00+00:00,SHORT,TP,3343.6,3340.2564,14.953942,50.0,35.0,15.0,WIN,11335.0
90,PAXGUSDT,2025-06-26 12:55:00+00:00,2025-06-26 13:00:00+00:00,SHORT,TP,3338.48,3335.1415,14.976876,50.0,35.0,15.0,WIN,11350.0
91,PAXGUSDT,2025-06-26 19:05:00+00:00,2025-07-01 09:50:00+00:00,LONG,TP,3347.44,3350.7874,14.936788,50.0,35.0,15.0,WIN,11365.0
92,PAXGUSDT,2025-07-01 22:50:00+00:00,2025-07-02 12:15:00+00:00,LONG,TP,3348.52,3351.8685,14.93197,50.0,35.0,15.0,WIN,11380.0
93,PAXGUSDT,2025-07-03 01:05:00+00:00,2025-07-03 12:30:00+00:00,SHORT,TP,3346.15,3342.8039,14.942546,50.0,35.0,15.0,WIN,11395.0
94,PAXGUSDT,2025-07-03 20:35:00+00:00,2025-07-03 22:10:00+00:00,SHORT,TP,3330.21,3326.8798,15.014068,50.0,35.0,15.0,WIN,11410.0
95,PAXGUSDT,2025-07-04 03:30:00+00:00,2025-07-04 03:40:00+00:00,LONG,TP,3335.29,3338.6253,14.9912,50.0,35.0,15.0,WIN,11425.0
96,PAXGUSDT,2025-07-04 17:15:00+00:00,2025-07-04 19:20:00+00:00,LONG,TP,3341.18,3344.5212,14.964773,50.0,35.0,15.0,WIN,11440.0
97,PAXGUSDT,2025-07-05 13:20:00+00:00,2025-07-05 16:35:00+00:00,LONG,TP,3343.68,3347.0237,14.953584,50.0,35.0,15.0,WIN,11455.0
98,PAXGUSDT,2025-07-06 05:00:00+00:00,2025-07-11 12:30:00+00:00,LONG,TP,3344.24,3347.5842,14.95108,50.0,35.0,15.0,WIN,11470.0
99,PAXGUSDT,2025-07-11 21:20:00+00:00,2025-07-11 22:25:00+00:00,SHORT,TP,3346.14,3342.7939,14.942591,50.0,35.0,15.0,WIN,11485.0
100,PAXGUSDT,2025-07-12 01:05:00+00:00,2025-07-15 13:35:00+00:00,SHORT,TP,3344.33,3340.9857,14.950678,50.0,35.0,15.0,WIN,11500.0
101,PAXGUSDT,2025-07-16 03:50:00+00:00,2025-07-16 04:50:00+00:00,LONG,TP,3339.88,3343.2199,14.970598,50.0,35.0,15.0,WIN,11515.0
102,PAXGUSDT,2025-07-16 12:30:00+00:00,2025-07-16 13:30:00+00:00,SHORT,TP,3340.46,3337.1195,14.967998,50.0,35.0,15.0,WIN,11530.0
103,PAXGUSDT,2025-07-16 15:10:00+00:00,2025-07-16 15:15:00+00:00,LONG,TP,3356.4,3359.7564,14.896913,50.0,35.0,15.0,WIN,11545.0
104,PAXGUSDT,2025-07-17 14:45:00+00:00,2025-07-17 16:20:00+00:00,LONG,TP,3341.1,3344.4411,14.965131,50.0,35.0,15.0,WIN,11560.0
105,PAXGUSDT,2025-07-18 00:10:00+00:00,2025-07-18 01:25:00+00:00,SHORT,TP,3341.86,3338.5181,14.961728,50.0,35.0,15.0,WIN,11575.0
106,PAXGUSDT,2025-07-18 07:20:00+00:00,2025-07-18 07:40:00+00:00,LONG,TP,3346.96,3350.307,14.93893,50.0,35.0,15.0,WIN,11590.0
107,PAXGUSDT,2025-07-19 05:55:00+00:00,2025-07-21 05:10:00+00:00,LONG,TP,3360.8,3364.1608,14.87741,50.0,35.0,15.0,WIN,11605.0
108,PAXGUSDT,2025-07-21 21:40:00+00:00,2025-07-22 01:55:00+00:00,SHORT,TP,3392.51,3389.1175,14.73835,50.0,35.0,15.0,WIN,11620.0
109,PAXGUSDT,2025-07-22 12:20:00+00:00,2025-07-22 12:25:00+00:00,LONG,TP,3397.5,3400.8975,14.716703,50.0,35.0,15.0,WIN,11635.0
110,PAXGUSDT,2025-07-23 01:25:00+00:00,2025-07-23 02:20:00+00:00,SHORT,TP,3422.79,3419.3672,14.607966,50.0,35.0,15.0,WIN,11650.0
111,PAXGUSDT,2025-07-23 08:45:00+00:00,2025-07-23 09:10:00+00:00,LONG,TP,3426.68,3430.1067,14.591383,50.0,35.0,15.0,WIN,11665.0
112,PAXGUSDT,2025-07-23 13:20:00+00:00,2025-07-23 13:20:00+00:00,SHORT,TP,3415.29,3411.8747,14.640045,50.0,35.0,15.0,WIN,11680.0
113,PAXGUSDT,2025-07-24 01:30:00+00:00,2025-07-24 02:10:00+00:00,SHORT,TP,3390.91,3387.5191,14.745304,50.0,35.0,15.0,WIN,11695.0
114,PAXGUSDT,2025-07-24 15:00:00+00:00,2025-08-04 13:50:00+00:00,LONG,TP,3377.93,3381.3079,14.801965,50.0,35.0,15.0,WIN,11710.0
115,PAXGUSDT,2025-08-04 23:25:00+00:00,2025-08-05 02:15:00+00:00,LONG,TP,3378.46,3381.8385,14.799642,50.0,35.0,15.0,WIN,11725.0
116,PAXGUSDT,2025-08-05 03:25:00+00:00,2025-08-05 05:00:00+00:00,SHORT,TP,3375.2,3371.8248,14.813937,50.0,35.0,15.0,WIN,11740.0
117,PAXGUSDT,2025-08-05 13:45:00+00:00,2025-08-05 14:20:00+00:00,LONG,TP,3375.81,3379.1858,14.81126,50.0,35.0,15.0,WIN,11755.0
118,PAXGUSDT,2025-08-05 23:50:00+00:00,2025-08-07 07:25:00+00:00,LONG,TP,3382.8,3386.1828,14.780655,50.0,35.0,15.0,WIN,11770.0
119,PAXGUSDT,2025-08-07 11:10:00+00:00,2025-08-07 21:05:00+00:00,SHORT,TP,3374.0,3370.626,14.819206,50.0,35.0,15.0,WIN,11785.0
120,PAXGUSDT,2025-08-08 01:15:00+00:00,2025-08-08 11:20:00+00:00,SHORT,TP,3380.49,3377.1095,14.790755,50.0,35.0,15.0,WIN,11800.0
121,PAXGUSDT,2025-08-09 01:40:00+00:00,2025-08-28 08:35:00+00:00,LONG,TP,3388.24,3391.6282,14.756924,50.0,35.0,15.0,WIN,11815.0
122,PAXGUSDT,2025-08-29 01:05:00+00:00,2025-08-29 01:35:00+00:00,SHORT,TP,3411.18,3407.7688,14.657684,50.0,35.0,15.0,WIN,11830.0
123,PAXGUSDT,2025-08-29 09:35:00+00:00,2025-09-22 17:35:00+00:00,SHORT,SL,3408.4,3749.24,14.66964,-5000.0,35.0,-5035.0,LOSS,6795.0
124,PAXGUSDT,2025-09-23 03:00:00+00:00,2025-09-24 16:00:00+00:00,SHORT,TP,3749.5,3745.7505,13.335111,50.0,35.0,15.0,WIN,6810.0
125,PAXGUSDT,2025-09-24 23:45:00+00:00,2025-09-25 00:05:00+00:00,LONG,TP,3751.79,3755.5418,13.326972,50.0,35.0,15.0,WIN,6825.0
126,PAXGUSDT,2025-09-25 04:10:00+00:00,2025-09-25 13:40:00+00:00,SHORT,TP,3738.8,3735.0612,13.373275,50.0,35.0,15.0,WIN,6840.0
127,PAXGUSDT,2025-09-25 18:50:00+00:00,2025-09-26 13:05:00+00:00,LONG,TP,3760.7,3764.4607,13.295397,50.0,35.0,15.0,WIN,6855.0
128,PAXGUSDT,2025-09-26 21:20:00+00:00,2025-09-26 23:35:00+00:00,SHORT,TP,3772.42,3768.6476,13.254092,50.0,35.0,15.0,WIN,6870.0
129,PAXGUSDT,2025-09-27 20:10:00+00:00,2025-09-28 20:30:00+00:00,SHORT,TP,3773.24,3769.4668,13.251211,50.0,35.0,15.0,WIN,6885.0
130,PAXGUSDT,2025-09-28 22:25:00+00:00,2025-09-28 23:45:00+00:00,LONG,TP,3774.46,3778.2345,13.246928,50.0,35.0,15.0,WIN,6900.0
131,PAXGUSDT,2025-09-30 08:20:00+00:00,2025-09-30 08:20:00+00:00,SHORT,TP,3843.2,3839.3568,13.009992,50.0,35.0,15.0,WIN,6915.0
132,PAXGUSDT,2025-09-30 15:40:00+00:00,2025-09-30 16:05:00+00:00,LONG,TP,3847.68,3851.5277,12.994844,50.0,35.0,15.0,WIN,6930.0
133,PAXGUSDT,2025-10-02 03:20:00+00:00,2025-10-02 08:50:00+00:00,LONG,TP,3877.04,3880.917,12.896436,50.0,35.0,15.0,WIN,6945.0
134,PAXGUSDT,2025-10-02 14:35:00+00:00,2025-10-02 14:35:00+00:00,SHORT,TP,3865.4,3861.5346,12.935272,50.0,35.0,15.0,WIN,6960.0
135,PAXGUSDT,2025-10-03 07:40:00+00:00,2025-10-03 07:55:00+00:00,LONG,TP,3865.97,3869.836,12.933365,50.0,35.0,15.0,WIN,6975.0
136,PAXGUSDT,2025-10-04 01:00:00+00:00,2025-10-04 12:40:00+00:00,LONG,TP,3888.01,3891.898,12.860049,50.0,35.0,15.0,WIN,6990.0
137,PAXGUSDT,2025-10-05 04:00:00+00:00,2025-10-05 06:00:00+00:00,SHORT,TP,3893.5,3889.6065,12.841916,50.0,35.0,15.0,WIN,7005.0
138,PAXGUSDT,2025-10-05 17:05:00+00:00,2025-10-10 21:15:00+00:00,SHORT,TP,3892.7,3888.8073,12.844555,50.0,35.0,15.0,WIN,7020.0
139,PAXGUSDT,2025-10-10 21:20:00+00:00,2025-10-10 21:20:00+00:00,SHORT,SL,3770.29,4147.319,13.261579,-5000.0,35.0,-5035.0,LOSS,1985.0
140,PAXGUSDT,2025-10-11 15:55:00+00:00,2025-10-11 16:05:00+00:00,SHORT,TP,3986.2,3982.2138,12.543274,50.0,35.0,15.0,WIN,2000.0
141,PAXGUSDT,2025-10-12 00:25:00+00:00,2025-10-12 01:30:00+00:00,LONG,TP,3993.71,3997.7037,12.519687,50.0,35.0,15.0,WIN,2015.0
142,PAXGUSDT,2025-10-12 15:30:00+00:00,2025-10-12 15:35:00+00:00,SHORT,TP,4004.18,4000.1758,12.486951,50.0,35.0,15.0,WIN,2030.0
143,PAXGUSDT,2025-10-12 22:25:00+00:00,2025-10-12 22:25:00+00:00,LONG,TP,4032.71,4036.7427,12.39861,50.0,35.0,15.0,WIN,2045.0
144,PAXGUSDT,2025-10-14 06:45:00+00:00,2025-10-14 06:45:00+00:00,SHORT,TP,4113.58,4109.4664,12.154863,50.0,35.0,15.0,WIN,2060.0
145,PAXGUSDT,2025-10-14 17:00:00+00:00,2025-10-14 17:00:00+00:00,LONG,TP,4151.54,4155.6915,12.043724,50.0,35.0,15.0,WIN,2075.0
146,PAXGUSDT,2025-10-15 19:35:00+00:00,2025-10-15 20:00:00+00:00,LONG,TP,4228.5,4232.7285,11.824524,50.0,35.0,15.0,WIN,2090.0
147,PAXGUSDT,2025-10-16 05:55:00+00:00,2025-10-16 05:55:00+00:00,SHORT,TP,4225.58,4221.3544,11.832695,50.0,35.0,15.0,WIN,2105.0
148,PAXGUSDT,2025-10-16 12:10:00+00:00,2025-10-16 12:35:00+00:00,LONG,TP,4257.89,4262.1479,11.742906,50.0,35.0,15.0,WIN,2120.0
149,PAXGUSDT,2025-10-17 11:00:00+00:00,2025-10-17 11:10:00+00:00,SHORT,TP,4372.94,4368.5671,11.433955,50.0,35.0,15.0,WIN,2135.0
150,PAXGUSDT,2025-10-18 17:45:00+00:00,2025-10-18 19:20:00+00:00,LONG,TP,4256.18,4260.4362,11.747623,50.0,35.0,15.0,WIN,2150.0
151,PAXGUSDT,2025-10-19 00:40:00+00:00,2025-10-19 08:25:00+00:00,SHORT,TP,4240.51,4236.2695,11.791035,50.0,35.0,15.0,WIN,2165.0
152,PAXGUSDT,2025-10-19 10:30:00+00:00,2025-10-19 22:05:00+00:00,LONG,TP,4247.4,4251.6474,11.771908,50.0,35.0,15.0,WIN,2180.0
153,PAXGUSDT,2025-10-19 22:15:00+00:00,2025-10-19 22:15:00+00:00,LONG,TP,4253.17,4257.4232,11.755937,50.0,35.0,15.0,WIN,2195.0
154,PAXGUSDT,2025-10-20 00:15:00+00:00,2025-10-20 00:25:00+00:00,SHORT,TP,4220.53,4216.3095,11.846853,50.0,35.0,15.0,WIN,2210.0
155,PAXGUSDT,2025-10-20 01:30:00+00:00,2025-10-20 01:45:00+00:00,LONG,TP,4253.33,4257.5833,11.755495,50.0,35.0,15.0,WIN,2225.0
156,PAXGUSDT,2025-10-20 08:50:00+00:00,2025-10-20 08:50:00+00:00,SHORT,TP,4239.77,4235.5302,11.793093,50.0,35.0,15.0,WIN,2240.0
157,PAXGUSDT,2025-10-20 12:15:00+00:00,2025-10-20 12:15:00+00:00,LONG,TP,4275.56,4279.8356,11.694375,50.0,35.0,15.0,WIN,2255.0
158,PAXGUSDT,2025-10-21 01:55:00+00:00,2025-10-21 02:05:00+00:00,SHORT,TP,4350.4,4346.0496,11.493196,50.0,35.0,15.0,WIN,2270.0
159,PAXGUSDT,2025-10-22 05:25:00+00:00,2025-10-22 06:30:00+00:00,LONG,TP,4145.35,4149.4954,12.061708,50.0,35.0,15.0,WIN,2285.0
160,PAXGUSDT,2025-10-22 09:20:00+00:00,2025-10-22 09:20:00+00:00,SHORT,TP,4079.18,4075.1008,12.257365,50.0,35.0,15.0,WIN,2300.0
161,PAXGUSDT,2025-10-22 18:05:00+00:00,2025-10-22 18:15:00+00:00,LONG,TP,4074.82,4078.8948,12.270481,50.0,35.0,15.0,WIN,2315.0
162,PAXGUSDT,2025-10-23 06:15:00+00:00,2025-10-23 13:00:00+00:00,LONG,TP,4127.6,4131.7276,12.113577,50.0,35.0,15.0,WIN,2330.0
163,PAXGUSDT,2025-10-23 20:05:00+00:00,2025-10-23 20:05:00+00:00,SHORT,TP,4111.3,4107.1887,12.161603,50.0,35.0,15.0,WIN,2345.0
164,PAXGUSDT,2025-10-24 04:25:00+00:00,2025-10-24 04:30:00+00:00,SHORT,TP,4107.49,4103.3825,12.172884,50.0,35.0,15.0,WIN,2360.0
165,PAXGUSDT,2025-10-24 13:25:00+00:00,2025-10-24 13:35:00+00:00,LONG,TP,4108.25,4112.3582,12.170632,50.0,35.0,15.0,WIN,2375.0
166,PAXGUSDT,2025-10-24 20:30:00+00:00,2025-10-26 22:00:00+00:00,SHORT,TP,4091.17,4087.0788,12.221443,50.0,35.0,15.0,WIN,2390.0
167,PAXGUSDT,2025-10-27 06:35:00+00:00,2025-11-10 12:00:00+00:00,LONG,TP,4078.96,4083.039,12.258027,50.0,35.0,15.0,WIN,2405.0
168,PAXGUSDT,2025-11-11 09:25:00+00:00,2025-11-12 15:10:00+00:00,LONG,TP,4132.28,4136.4123,12.099858,50.0,35.0,15.0,WIN,2420.0
169,PAXGUSDT,2025-11-13 00:20:00+00:00,2025-11-13 01:15:00+00:00,SHORT,TP,4173.75,4169.5762,11.979635,50.0,35.0,15.0,WIN,2435.0
170,PAXGUSDT,2025-11-13 03:50:00+00:00,2025-11-13 03:55:00+00:00,LONG,TP,4192.83,4197.0228,11.92512,50.0,35.0,15.0,WIN,2450.0
171,PAXGUSDT,2025-11-13 14:50:00+00:00,2025-11-13 15:30:00+00:00,SHORT,TP,4176.78,4172.6032,11.970944,50.0,35.0,15.0,WIN,2465.0
172,PAXGUSDT,2025-11-14 01:50:00+00:00,2025-11-14 01:50:00+00:00,LONG,TP,4171.63,4175.8016,11.985723,50.0,35.0,15.0,WIN,2480.0
173,PAXGUSDT,2025-11-14 07:00:00+00:00,2025-11-14 07:00:00+00:00,SHORT,TP,4158.65,4154.4913,12.023133,50.0,35.0,15.0,WIN,2495.0
174,PAXGUSDT,2025-11-14 23:25:00+00:00,2025-11-17 05:15:00+00:00,SHORT,TP,4064.37,4060.3056,12.30203,50.0,35.0,15.0,WIN,2510.0
175,PAXGUSDT,2025-11-17 18:55:00+00:00,2025-11-17 19:00:00+00:00,SHORT,TP,4050.38,4046.3296,12.344521,50.0,35.0,15.0,WIN,2525.0
176,PAXGUSDT,2025-11-18 08:55:00+00:00,2025-11-18 10:45:00+00:00,LONG,TP,4034.98,4039.015,12.391635,50.0,35.0,15.0,WIN,2540.0
177,PAXGUSDT,2025-11-19 02:05:00+00:00,2025-11-19 17:00:00+00:00,SHORT,TP,4052.49,4048.4375,12.338093,50.0,35.0,15.0,WIN,2555.0
178,PAXGUSDT,2025-11-19 23:40:00+00:00,2025-11-19 23:45:00+00:00,LONG,TP,4087.66,4091.7477,12.231937,50.0,35.0,15.0,WIN,2570.0
179,PAXGUSDT,2025-11-20 02:15:00+00:00,2025-11-20 02:15:00+00:00,SHORT,TP,4056.03,4051.974,12.327325,50.0,35.0,15.0,WIN,2585.0
180,PAXGUSDT,2025-11-20 10:15:00+00:00,2025-11-20 11:00:00+00:00,SHORT,TP,4052.32,4048.2677,12.338611,50.0,35.0,15.0,WIN,2600.0
181,PAXGUSDT,2025-11-20 12:50:00+00:00,2025-11-20 13:00:00+00:00,LONG,TP,4069.25,4073.3192,12.287277,50.0,35.0,15.0,WIN,2615.0
182,PAXGUSDT,2025-11-20 17:00:00+00:00,2025-11-20 17:05:00+00:00,SHORT,TP,4040.51,4036.4695,12.374675,50.0,35.0,15.0,WIN,2630.0
183,PAXGUSDT,2025-11-20 23:25:00+00:00,2025-11-20 23:45:00+00:00,LONG,TP,4075.39,4079.4654,12.268764,50.0,35.0,15.0,WIN,2645.0
184,PAXGUSDT,2025-11-21 12:55:00+00:00,2025-11-21 12:55:00+00:00,LONG,TP,4052.16,4056.2122,12.339098,50.0,35.0,15.0,WIN,2660.0
185,PAXGUSDT,2025-11-21 20:55:00+00:00,2025-11-21 21:05:00+00:00,SHORT,TP,4058.59,4054.5314,12.319549,50.0,35.0,15.0,WIN,2675.0
186,PAXGUSDT,2025-11-24 01:55:00+00:00,2025-11-24 01:55:00+00:00,SHORT,TP,4039.19,4035.1508,12.378719,50.0,35.0,15.0,WIN,2690.0
187,PAXGUSDT,2025-11-24 08:20:00+00:00,2025-11-24 09:10:00+00:00,LONG,TP,4057.15,4061.2072,12.323922,50.0,35.0,15.0,WIN,2705.0
188,PAXGUSDT,2025-11-25 08:55:00+00:00,2025-12-23 08:15:00+00:00,SHORT,SL,4106.55,4517.205,12.175671,-5000.0,35.0,-5035.0,LOSS,-2330.0
189,PAXGUSDT,2025-12-23 12:05:00+00:00,2025-12-23 13:15:00+00:00,LONG,TP,4506.91,4511.4169,11.094076,50.0,35.0,15.0,WIN,-2315.0
190,PAXGUSDT,2025-12-23 14:15:00+00:00,2025-12-23 14:15:00+00:00,SHORT,TP,4484.7,4480.2153,11.149018,50.0,35.0,15.0,WIN,-2300.0
191,PAXGUSDT,2025-12-23 21:05:00+00:00,2025-12-23 23:05:00+00:00,LONG,TP,4507.31,4511.8173,11.093091,50.0,35.0,15.0,WIN,-2285.0
192,PAXGUSDT,2025-12-24 06:25:00+00:00,2025-12-24 07:55:00+00:00,SHORT,TP,4505.15,4500.6448,11.09841,50.0,35.0,15.0,WIN,-2270.0
193,PAXGUSDT,2025-12-24 10:45:00+00:00,2025-12-24 13:10:00+00:00,SHORT,TP,4502.0,4497.498,11.106175,50.0,35.0,15.0,WIN,-2255.0
194,PAXGUSDT,2025-12-25 01:35:00+00:00,2025-12-29 07:00:00+00:00,SHORT,TP,4489.0,4484.511,11.138338,50.0,35.0,15.0,WIN,-2240.0
195,PAXGUSDT,2025-12-30 00:15:00+00:00,2025-12-30 00:15:00+00:00,LONG,TP,4364.25,4368.6142,11.456722,50.0,35.0,15.0,WIN,-2225.0
196,PAXGUSDT,2025-12-30 15:00:00+00:00,2025-12-30 15:00:00+00:00,SHORT,TP,4383.08,4378.6969,11.407503,50.0,35.0,15.0,WIN,-2210.0
197,PAXGUSDT,2025-12-30 16:20:00+00:00,2025-12-30 19:45:00+00:00,SHORT,TP,4382.2,4377.8178,11.409794,50.0,35.0,15.0,WIN,-2195.0
198,PAXGUSDT,2025-12-31 20:50:00+00:00,2025-12-31 20:50:00+00:00,SHORT,TP,4333.75,4329.4162,11.537352,50.0,35.0,15.0,WIN,-2180.0
199,PAXGUSDT,2026-01-01 16:35:00+00:00,2026-01-01 21:30:00+00:00,SHORT,TP,4340.86,4336.5191,11.518455,50.0,35.0,15.0,WIN,-2165.0
200,PAXGUSDT,2026-01-01 23:25:00+00:00,2026-01-01 23:25:00+00:00,LONG,TP,4352.34,4356.6923,11.488073,50.0,35.0,15.0,WIN,-2150.0
201,PAXGUSDT,2026-01-02 14:40:00+00:00,2026-01-02 15:00:00+00:00,SHORT,TP,4367.5,4363.1325,11.448197,50.0,35.0,15.0,WIN,-2135.0
202,PAXGUSDT,2026-01-02 23:35:00+00:00,2026-01-03 07:40:00+00:00,LONG,TP,4343.08,4347.4231,11.512567,50.0,35.0,15.0,WIN,-2120.0
203,PAXGUSDT,2026-01-03 16:25:00+00:00,2026-01-03 22:20:00+00:00,SHORT,TP,4360.11,4355.7499,11.467601,50.0,35.0,15.0,WIN,-2105.0
204,PAXGUSDT,2026-01-04 15:40:00+00:00,2026-01-04 17:05:00+00:00,LONG,TP,4357.85,4362.2078,11.473548,50.0,35.0,15.0,WIN,-2090.0
205,PAXGUSDT,2026-01-05 13:45:00+00:00,2026-01-21 01:30:00+00:00,SHORT,SL,4421.45,4863.595,11.308507,-5000.0,35.0,-5035.0,LOSS,-7125.0
206,PAXGUSDT,2026-01-21 15:25:00+00:00,2026-01-21 17:30:00+00:00,SHORT,TP,4840.5,4835.6595,10.329511,50.0,35.0,15.0,WIN,-7110.0
207,PAXGUSDT,2026-01-22 06:35:00+00:00,2026-01-22 07:00:00+00:00,LONG,TP,4838.06,4842.8981,10.334721,50.0,35.0,15.0,WIN,-7095.0
208,PAXGUSDT,2026-01-23 08:05:00+00:00,2026-01-23 08:15:00+00:00,SHORT,TP,4958.75,4953.7912,10.083186,50.0,35.0,15.0,WIN,-7080.0
209,PAXGUSDT,2026-01-23 15:30:00+00:00,2026-01-23 15:30:00+00:00,LONG,TP,4960.36,4965.3204,10.079914,50.0,35.0,15.0,WIN,-7065.0
210,PAXGUSDT,2026-01-24 10:05:00+00:00,2026-01-24 13:45:00+00:00,LONG,TP,5033.4,5038.4334,9.933643,50.0,35.0,15.0,WIN,-7050.0
211,PAXGUSDT,2026-01-25 00:15:00+00:00,2026-01-25 08:15:00+00:00,SHORT,TP,5071.77,5066.6982,9.858491,50.0,35.0,15.0,WIN,-7035.0
212,PAXGUSDT,2026-01-25 08:35:00+00:00,2026-01-25 08:45:00+00:00,SHORT,TP,5067.56,5062.4924,9.866681,50.0,35.0,15.0,WIN,-7020.0
213,PAXGUSDT,2026-01-25 16:20:00+00:00,2026-01-25 16:25:00+00:00,LONG,TP,5086.26,5091.3463,9.830406,50.0,35.0,15.0,WIN,-7005.0
214,PAXGUSDT,2026-01-25 23:30:00+00:00,2026-01-26 19:20:00+00:00,SHORT,TP,5052.6,5047.5474,9.895895,50.0,35.0,15.0,WIN,-6990.0
215,PAXGUSDT,2026-01-27 02:30:00+00:00,2026-01-27 02:40:00+00:00,LONG,TP,5080.46,5085.5405,9.841629,50.0,35.0,15.0,WIN,-6975.0
216,PAXGUSDT,2026-01-27 14:10:00+00:00,2026-01-27 14:10:00+00:00,SHORT,TP,5084.85,5079.7652,9.833132,50.0,35.0,15.0,WIN,-6960.0
217,PAXGUSDT,2026-01-27 19:15:00+00:00,2026-01-27 19:40:00+00:00,LONG,TP,5102.14,5107.2421,9.799809,50.0,35.0,15.0,WIN,-6945.0
218,PAXGUSDT,2026-01-28 15:10:00+00:00,2026-01-29 15:25:00+00:00,SHORT,TP,5265.32,5260.0547,9.496099,50.0,35.0,15.0,WIN,-6930.0
219,PAXGUSDT,2026-01-30 02:05:00+00:00,2026-01-30 02:05:00+00:00,SHORT,TP,5334.86,5329.5251,9.372317,50.0,35.0,15.0,WIN,-6915.0
220,PAXGUSDT,2026-01-31 12:15:00+00:00,2026-01-31 14:25:00+00:00,SHORT,TP,4928.7,4923.7713,10.144663,50.0,35.0,15.0,WIN,-6900.0
221,PAXGUSDT,2026-02-01 01:00:00+00:00,2026-02-01 01:00:00+00:00,LONG,TP,4868.88,4873.7489,10.269302,50.0,35.0,15.0,WIN,-6885.0
222,PAXGUSDT,2026-02-01 12:30:00+00:00,2026-02-01 12:30:00+00:00,SHORT,TP,4851.68,4846.8283,10.305709,50.0,35.0,15.0,WIN,-6870.0
223,PAXGUSDT,2026-02-01 23:20:00+00:00,2026-02-01 23:20:00+00:00,SHORT,TP,4730.16,4725.4298,10.570467,50.0,35.0,15.0,WIN,-6855.0
224,PAXGUSDT,2026-02-02 00:25:00+00:00,2026-02-03 01:25:00+00:00,LONG,TP,4865.29,4870.1553,10.27688,50.0,35.0,15.0,WIN,-6840.0
225,PAXGUSDT,2026-02-03 23:30:00+00:00,2026-02-04 15:35:00+00:00,SHORT,TP,4936.57,4931.6334,10.12849,50.0,35.0,15.0,WIN,-6825.0
226,PAXGUSDT,2026-02-04 22:45:00+00:00,2026-02-04 23:00:00+00:00,LONG,TP,4991.01,4996.001,10.018012,50.0,35.0,15.0,WIN,-6810.0
227,PAXGUSDT,2026-02-05 02:35:00+00:00,2026-02-05 02:35:00+00:00,SHORT,TP,4936.52,4931.5835,10.128593,50.0,35.0,15.0,WIN,-6795.0
228,PAXGUSDT,2026-02-05 12:25:00+00:00,2026-02-05 12:25:00+00:00,SHORT,TP,4838.43,4833.5916,10.333931,50.0,35.0,15.0,WIN,-6780.0
229,PAXGUSDT,2026-02-06 04:45:00+00:00,2026-02-06 05:00:00+00:00,LONG,TP,4809.13,4813.9391,10.396891,50.0,35.0,15.0,WIN,-6765.0
230,PAXGUSDT,2026-02-07 00:30:00+00:00,2026-02-07 00:35:00+00:00,SHORT,TP,4933.42,4928.4866,10.134957,50.0,35.0,15.0,WIN,-6750.0
231,PAXGUSDT,2026-02-07 10:45:00+00:00,2026-02-07 12:55:00+00:00,LONG,TP,4954.13,4959.0841,10.092589,50.0,35.0,15.0,WIN,-6735.0
232,PAXGUSDT,2026-02-09 02:00:00+00:00,2026-02-09 02:00:00+00:00,SHORT,TP,4986.09,4981.1039,10.027898,50.0,35.0,15.0,WIN,-6720.0
233,PAXGUSDT,2026-02-09 10:30:00+00:00,2026-02-09 10:30:00+00:00,SHORT,TP,4998.56,4993.5614,10.002881,50.0,35.0,15.0,WIN,-6705.0
234,PAXGUSDT,2026-02-09 14:35:00+00:00,2026-02-09 15:30:00+00:00,LONG,TP,5043.57,5048.6136,9.913613,50.0,35.0,15.0,WIN,-6690.0
235,PAXGUSDT,2026-02-09 23:15:00+00:00,2026-02-09 23:15:00+00:00,SHORT,TP,5017.69,5012.6723,9.964745,50.0,35.0,15.0,WIN,-6675.0
236,PAXGUSDT,2026-02-10 15:45:00+00:00,2026-02-10 16:05:00+00:00,SHORT,TP,5018.42,5013.4016,9.963295,50.0,35.0,15.0,WIN,-6660.0
237,PAXGUSDT,2026-02-10 23:00:00+00:00,2026-02-10 23:05:00+00:00,LONG,TP,5034.18,5039.2142,9.932104,50.0,35.0,15.0,WIN,-6645.0
238,PAXGUSDT,2026-02-12 00:00:00+00:00,2026-02-12 00:10:00+00:00,SHORT,TP,5070.24,5065.1698,9.861466,50.0,35.0,15.0,WIN,-6630.0
239,PAXGUSDT,2026-02-12 13:40:00+00:00,2026-02-12 13:45:00+00:00,LONG,TP,5082.12,5087.2021,9.838414,50.0,35.0,15.0,WIN,-6615.0
240,PAXGUSDT,2026-02-12 15:05:00+00:00,2026-02-12 16:10:00+00:00,SHORT,TP,5061.23,5056.1688,9.879022,50.0,35.0,15.0,WIN,-6600.0
241,PAXGUSDT,2026-02-12 16:15:00+00:00,2026-02-12 16:15:00+00:00,SHORT,TP,4963.37,4958.4066,10.073801,50.0,35.0,15.0,WIN,-6585.0
242,PAXGUSDT,2026-02-13 01:20:00+00:00,2026-02-13 01:20:00+00:00,LONG,TP,4975.12,4980.0951,10.050009,50.0,35.0,15.0,WIN,-6570.0
243,PAXGUSDT,2026-02-14 04:55:00+00:00,2026-02-14 07:20:00+00:00,SHORT,TP,5030.06,5025.0299,9.940239,50.0,35.0,15.0,WIN,-6555.0
244,PAXGUSDT,2026-02-15 16:10:00+00:00,2026-02-15 18:35:00+00:00,SHORT,TP,5033.04,5028.007,9.934354,50.0,35.0,15.0,WIN,-6540.0
245,PAXGUSDT,2026-02-15 23:05:00+00:00,2026-02-15 23:05:00+00:00,SHORT,TP,5016.5,5011.4835,9.967109,50.0,35.0,15.0,WIN,-6525.0
246,PAXGUSDT,2026-02-16 09:55:00+00:00,2026-02-19 07:00:00+00:00,LONG,TP,5019.39,5024.4094,9.96137,50.0,35.0,15.0,WIN,-6510.0
247,PAXGUSDT,2026-02-19 13:05:00+00:00,2026-02-19 13:30:00+00:00,SHORT,TP,4989.06,4984.0709,10.021928,50.0,35.0,15.0,WIN,-6495.0
248,PAXGUSDT,2026-02-20 01:05:00+00:00,2026-02-20 01:10:00+00:00,LONG,TP,5015.1,5020.1151,9.969891,50.0,35.0,15.0,WIN,-6480.0
249,PAXGUSDT,2026-02-22 00:50:00+00:00,2026-02-22 01:30:00+00:00,SHORT,TP,5137.11,5131.9729,9.733099,50.0,35.0,15.0,WIN,-6465.0
250,PAXGUSDT,2026-02-22 14:25:00+00:00,2026-02-22 14:25:00+00:00,LONG,TP,5144.32,5149.4643,9.719458,50.0,35.0,15.0,WIN,-6450.0
251,PAXGUSDT,2026-02-22 22:30:00+00:00,2026-02-22 23:15:00+00:00,LONG,TP,5164.51,5169.6745,9.681461,50.0,35.0,15.0,WIN,-6435.0
252,PAXGUSDT,2026-02-23 06:55:00+00:00,2026-02-23 07:00:00+00:00,SHORT,TP,5162.53,5157.3675,9.685174,50.0,35.0,15.0,WIN,-6420.0
253,PAXGUSDT,2026-02-23 14:20:00+00:00,2026-02-23 14:30:00+00:00,LONG,TP,5173.1,5178.2731,9.665384,50.0,35.0,15.0,WIN,-6405.0
254,PAXGUSDT,2026-02-24 01:20:00+00:00,2026-02-24 01:25:00+00:00,SHORT,TP,5171.07,5165.8989,9.669179,50.0,35.0,15.0,WIN,-6390.0
255,PAXGUSDT,2026-02-24 20:40:00+00:00,2026-02-25 01:10:00+00:00,LONG,TP,5185.61,5190.7956,9.642067,50.0,35.0,15.0,WIN,-6375.0
256,PAXGUSDT,2026-02-25 01:30:00+00:00,2026-02-25 02:15:00+00:00,LONG,TP,5200.17,5205.3702,9.61507,50.0,35.0,15.0,WIN,-6360.0
257,PAXGUSDT,2026-02-25 11:20:00+00:00,2026-02-25 20:55:00+00:00,SHORT,TP,5175.3,5170.1247,9.661276,50.0,35.0,15.0,WIN,-6345.0
258,PAXGUSDT,2026-02-26 04:05:00+00:00,2026-02-26 05:15:00+00:00,LONG,TP,5201.0,5206.201,9.613536,50.0,35.0,15.0,WIN,-6330.0
259,PAXGUSDT,2026-02-26 08:45:00+00:00,2026-02-26 08:45:00+00:00,SHORT,TP,5183.52,5178.3365,9.645955,50.0,35.0,15.0,WIN,-6315.0
260,PAXGUSDT,2026-02-26 10:45:00+00:00,2026-02-26 10:55:00+00:00,SHORT,TP,5182.72,5177.5373,9.647444,50.0,35.0,15.0,WIN,-6300.0
261,PAXGUSDT,2026-02-27 02:55:00+00:00,2026-02-27 10:00:00+00:00,SHORT,TP,5189.03,5183.841,9.635712,50.0,35.0,15.0,WIN,-6285.0
262,PAXGUSDT,2026-02-27 13:15:00+00:00,2026-02-27 13:15:00+00:00,LONG,TP,5225.09,5230.3151,9.569213,50.0,35.0,15.0,WIN,-6270.0
263,PAXGUSDT,2026-03-01 09:20:00+00:00,2026-03-01 09:25:00+00:00,LONG,TP,5376.11,5381.4861,9.300405,50.0,35.0,15.0,WIN,-6255.0
264,PAXGUSDT,2026-03-02 01:15:00+00:00,2026-03-02 01:15:00+00:00,SHORT,TP,5375.89,5370.5141,9.300786,50.0,35.0,15.0,WIN,-6240.0
265,PAXGUSDT,2026-03-02 06:30:00+00:00,2026-03-02 06:50:00+00:00,LONG,TP,5415.38,5420.7954,9.232962,50.0,35.0,15.0,WIN,-6225.0
266,PAXGUSDT,2026-03-02 14:15:00+00:00,2026-03-02 14:15:00+00:00,SHORT,TP,5392.89,5387.4971,9.271467,50.0,35.0,15.0,WIN,-6210.0
267,PAXGUSDT,2026-03-02 23:15:00+00:00,2026-03-02 23:55:00+00:00,LONG,TP,5350.24,5355.5902,9.345375,50.0,35.0,15.0,WIN,-6195.0
268,PAXGUSDT,2026-03-03 06:10:00+00:00,2026-03-03 06:10:00+00:00,SHORT,TP,5319.3,5313.9807,9.399733,50.0,35.0,15.0,WIN,-6180.0
269,PAXGUSDT,2026-03-04 09:55:00+00:00,2026-03-04 10:00:00+00:00,LONG,TP,5190.4,5195.5904,9.633169,50.0,35.0,15.0,WIN,-6165.0
270,PAXGUSDT,2026-03-04 14:55:00+00:00,2026-03-04 14:55:00+00:00,SHORT,TP,5160.65,5155.4894,9.688702,50.0,35.0,15.0,WIN,-6150.0
271,PAXGUSDT,2026-03-04 23:30:00+00:00,2026-03-04 23:45:00+00:00,LONG,TP,5167.13,5172.2971,9.676552,50.0,35.0,15.0,WIN,-6135.0
272,PAXGUSDT,2026-03-05 06:20:00+00:00,2026-03-05 13:15:00+00:00,SHORT,TP,5145.12,5139.9749,9.717946,50.0,35.0,15.0,WIN,-6120.0
273,PAXGUSDT,2026-03-05 23:30:00+00:00,2026-03-05 23:40:00+00:00,LONG,TP,5102.52,5107.6225,9.79908,50.0,35.0,15.0,WIN,-6105.0
274,PAXGUSDT,2026-03-06 09:00:00+00:00,2026-03-06 09:00:00+00:00,SHORT,TP,5117.07,5111.9529,9.771217,50.0,35.0,15.0,WIN,-6090.0
275,PAXGUSDT,2026-03-06 15:10:00+00:00,2026-03-06 15:10:00+00:00,LONG,TP,5157.3,5162.4573,9.694995,50.0,35.0,15.0,WIN,-6075.0
276,PAXGUSDT,2026-03-07 20:05:00+00:00,2026-03-08 18:30:00+00:00,SHORT,TP,5167.03,5161.863,9.676739,50.0,35.0,15.0,WIN,-6060.0
277,PAXGUSDT,2026-03-09 06:05:00+00:00,2026-03-09 06:05:00+00:00,LONG,TP,5131.14,5136.2711,9.744423,50.0,35.0,15.0,WIN,-6045.0
278,PAXGUSDT,2026-03-09 18:30:00+00:00,2026-03-09 18:35:00+00:00,LONG,TP,5111.4,5116.5114,9.782056,50.0,35.0,15.0,WIN,-6030.0
279,PAXGUSDT,2026-03-10 20:30:00+00:00,2026-03-10 22:00:00+00:00,SHORT,TP,5193.12,5187.9269,9.628123,50.0,35.0,15.0,WIN,-6015.0
280,PAXGUSDT,2026-03-11 01:30:00+00:00,2026-03-11 02:50:00+00:00,LONG,TP,5212.27,5217.4823,9.592749,50.0,35.0,15.0,WIN,-6000.0
281,PAXGUSDT,2026-03-11 07:40:00+00:00,2026-03-11 08:35:00+00:00,SHORT,TP,5185.32,5180.1347,9.642606,50.0,35.0,15.0,WIN,-5985.0
282,PAXGUSDT,2026-03-12 06:50:00+00:00,2026-03-12 07:30:00+00:00,LONG,TP,5164.11,5169.2741,9.68221,50.0,35.0,15.0,WIN,-5970.0
283,PAXGUSDT,2026-03-12 14:00:00+00:00,2026-03-12 14:30:00+00:00,SHORT,TP,5149.72,5144.5703,9.709266,50.0,35.0,15.0,WIN,-5955.0
284,PAXGUSDT,2026-03-13 01:05:00+00:00,2026-03-13 02:00:00+00:00,LONG,TP,5121.85,5126.9718,9.762098,50.0,35.0,15.0,WIN,-5940.0
285,PAXGUSDT,2026-03-13 06:30:00+00:00,2026-03-13 06:35:00+00:00,SHORT,TP,5094.04,5088.946,9.815392,50.0,35.0,15.0,WIN,-5925.0
286,PAXGUSDT,2026-03-13 12:50:00+00:00,2026-03-19 12:20:00+00:00,LONG,SL,5116.67,4605.003,9.771981,-5000.0,35.0,-5035.0,LOSS,-10960.0
287,PAXGUSDT,2026-03-19 19:20:00+00:00,2026-03-19 21:40:00+00:00,LONG,TP,4663.88,4668.5439,10.720687,50.0,35.0,15.0,WIN,-10945.0
288,PAXGUSDT,2026-03-20 09:50:00+00:00,2026-03-20 09:50:00+00:00,SHORT,TP,4670.05,4665.38,10.706523,50.0,35.0,15.0,WIN,-10930.0
289,PAXGUSDT,2026-03-22 07:05:00+00:00,2026-03-22 22:05:00+00:00,LONG,TP,4506.74,4511.2467,11.094494,50.0,35.0,15.0,WIN,-10915.0
290,PAXGUSDT,2026-03-23 00:05:00+00:00,2026-03-23 00:05:00+00:00,SHORT,TP,4449.6,4445.1504,11.236965,50.0,35.0,15.0,WIN,-10900.0
291,PAXGUSDT,2026-03-23 11:25:00+00:00,2026-03-23 11:25:00+00:00,LONG,TP,4379.33,4383.7093,11.417272,50.0,35.0,15.0,WIN,-10885.0
292,PAXGUSDT,2026-03-23 23:10:00+00:00,2026-03-23 23:15:00+00:00,LONG,TP,4439.81,4444.2498,11.261743,50.0,35.0,15.0,WIN,-10870.0
293,PAXGUSDT,2026-03-24 00:45:00+00:00,2026-03-24 01:10:00+00:00,SHORT,TP,4353.19,4348.8368,11.48583,50.0,35.0,15.0,WIN,-10855.0
294,PAXGUSDT,2026-03-24 07:50:00+00:00,2026-03-24 07:50:00+00:00,LONG,TP,4427.59,4432.0176,11.292825,50.0,35.0,15.0,WIN,-10840.0
295,PAXGUSDT,2026-03-24 17:45:00+00:00,2026-03-24 17:45:00+00:00,SHORT,TP,4382.82,4378.4372,11.40818,50.0,35.0,15.0,WIN,-10825.0
296,PAXGUSDT,2026-03-24 20:25:00+00:00,2026-03-24 20:25:00+00:00,LONG,TP,4467.84,4472.3078,11.19109,50.0,35.0,15.0,WIN,-10810.0
297,PAXGUSDT,2026-03-25 13:35:00+00:00,2026-03-25 14:40:00+00:00,LONG,TP,4564.57,4569.1346,10.953934,50.0,35.0,15.0,WIN,-10795.0
298,PAXGUSDT,2026-03-27 10:45:00+00:00,2026-03-27 10:45:00+00:00,SHORT,TP,4414.74,4410.3253,11.325695,50.0,35.0,15.0,WIN,-10780.0
299,PAXGUSDT,2026-03-27 14:50:00+00:00,2026-03-27 14:50:00+00:00,LONG,TP,4474.34,4478.8143,11.174832,50.0,35.0,15.0,WIN,-10765.0
300,PAXGUSDT,2026-03-28 01:40:00+00:00,2026-03-29 22:00:00+00:00,SHORT,TP,4487.25,4482.7628,11.142682,50.0,35.0,15.0,WIN,-10750.0
301,PAXGUSDT,2026-03-29 22:50:00+00:00,2026-03-29 22:55:00+00:00,SHORT,TP,4490.42,4485.9296,11.134816,50.0,35.0,15.0,WIN,-10735.0
302,PAXGUSDT,2026-03-30 05:25:00+00:00,2026-03-30 05:45:00+00:00,LONG,TP,4520.66,4525.1807,11.060332,50.0,35.0,15.0,WIN,-10720.0
303,PAXGUSDT,2026-03-30 14:05:00+00:00,2026-03-30 14:05:00+00:00,SHORT,TP,4527.76,4523.2322,11.042988,50.0,35.0,15.0,WIN,-10705.0
304,PAXGUSDT,2026-03-31 01:00:00+00:00,2026-03-31 01:15:00+00:00,LONG,TP,4542.91,4547.4529,11.006161,50.0,35.0,15.0,WIN,-10690.0
305,PAXGUSDT,2026-03-31 11:35:00+00:00,2026-03-31 11:35:00+00:00,LONG,TP,4575.89,4580.4659,10.926836,50.0,35.0,15.0,WIN,-10675.0
306,PAXGUSDT,2026-04-02 01:20:00+00:00,2026-04-02 01:20:00+00:00,SHORT,TP,4713.64,4708.9264,10.607514,50.0,35.0,15.0,WIN,-10660.0
307,PAXGUSDT,2026-04-03 07:35:00+00:00,2026-04-03 12:30:00+00:00,SHORT,TP,4657.46,4652.8025,10.735465,50.0,35.0,15.0,WIN,-10645.0
308,PAXGUSDT,2026-04-04 03:20:00+00:00,2026-04-06 02:20:00+00:00,LONG,TP,4651.59,4656.2416,10.749013,50.0,35.0,15.0,WIN,-10630.0
309,PAXGUSDT,2026-04-06 04:05:00+00:00,2026-04-06 04:50:00+00:00,LONG,TP,4634.81,4639.4448,10.787929,50.0,35.0,15.0,WIN,-10615.0
310,PAXGUSDT,2026-04-06 15:15:00+00:00,2026-04-06 15:15:00+00:00,SHORT,TP,4647.1,4642.4529,10.759398,50.0,35.0,15.0,WIN,-10600.0
311,PAXGUSDT,2026-04-07 04:55:00+00:00,2026-04-07 08:20:00+00:00,LONG,TP,4644.21,4648.8542,10.766094,50.0,35.0,15.0,WIN,-10585.0
312,PAXGUSDT,2026-04-07 08:25:00+00:00,2026-04-07 09:10:00+00:00,LONG,TP,4666.65,4671.3166,10.714324,50.0,35.0,15.0,WIN,-10570.0
313,PAXGUSDT,2026-04-07 14:10:00+00:00,2026-04-28 11:10:00+00:00,SHORT,TP,4597.2,4592.6028,10.876186,50.0,35.0,15.0,WIN,-10555.0
314,PAXGUSDT,2026-04-28 18:45:00+00:00,2026-04-29 00:00:00+00:00,LONG,TP,4590.09,4594.6801,10.893033,50.0,35.0,15.0,WIN,-10540.0
315,PAXGUSDT,2026-04-29 01:10:00+00:00,2026-04-29 07:15:00+00:00,SHORT,TP,4573.19,4568.6168,10.933287,50.0,35.0,15.0,WIN,-10525.0
316,PAXGUSDT,2026-04-30 00:00:00+00:00,2026-04-30 00:00:00+00:00,LONG,TP,4554.2,4558.7542,10.978877,50.0,35.0,15.0,WIN,-10510.0
317,PAXGUSDT,2026-04-30 04:50:00+00:00,2026-04-30 04:55:00+00:00,SHORT,TP,4538.6,4534.0614,11.016613,50.0,35.0,15.0,WIN,-10495.0
318,PAXGUSDT,2026-04-30 16:35:00+00:00,2026-04-30 16:55:00+00:00,SHORT,TP,4603.19,4598.5868,10.862033,50.0,35.0,15.0,WIN,-10480.0
319,PAXGUSDT,2026-04-30 22:25:00+00:00,2026-05-01 14:00:00+00:00,LONG,TP,4620.33,4624.9503,10.821738,50.0,35.0,15.0,WIN,-10465.0
320,PAXGUSDT,2026-05-01 21:15:00+00:00,2026-05-02 22:00:00+00:00,SHORT,TP,4600.3,4595.6997,10.868856,50.0,35.0,15.0,WIN,-10450.0
321,PAXGUSDT,2026-05-03 08:20:00+00:00,2026-05-03 11:50:00+00:00,LONG,TP,4604.32,4608.9243,10.859367,50.0,35.0,15.0,WIN,-10435.0
322,PAXGUSDT,2026-05-03 22:25:00+00:00,2026-05-03 23:05:00+00:00,SHORT,TP,4608.37,4603.7616,10.849823,50.0,35.0,15.0,WIN,-10420.0
323,PAXGUSDT,2026-05-05 00:30:00+00:00,2026-05-18 00:30:00+00:00,SHORT,TP,4511.54,4507.0285,11.08269,50.0,35.0,15.0,WIN,-10405.0
324,PAXGUSDT,2026-05-18 07:05:00+00:00,2026-05-18 07:25:00+00:00,LONG,TP,4538.82,4543.3588,11.016079,50.0,35.0,15.0,WIN,-10390.0
325,PAXGUSDT,2026-05-18 11:25:00+00:00,2026-05-19 05:20:00+00:00,SHORT,TP,4531.64,4527.1084,11.033533,50.0,35.0,15.0,WIN,-10375.0
326,PAXGUSDT,2026-05-19 13:15:00+00:00,2026-05-19 13:15:00+00:00,SHORT,TP,4523.64,4519.1164,11.053046,50.0,35.0,15.0,WIN,-10360.0
327,PAXGUSDT,2026-05-21 02:50:00+00:00,2026-05-21 03:50:00+00:00,SHORT,TP,4528.13,4523.6019,11.042086,50.0,35.0,15.0,WIN,-10345.0
328,PAXGUSDT,2026-05-21 17:35:00+00:00,2026-05-21 17:40:00+00:00,LONG,TP,4536.83,4541.3668,11.020911,50.0,35.0,15.0,WIN,-10330.0
329,PAXGUSDT,2026-05-22 00:50:00+00:00,2026-05-22 00:50:00+00:00,SHORT,TP,4527.41,4522.8826,11.043842,50.0,35.0,15.0,WIN,-10315.0
330,PAXGUSDT,2026-05-22 10:10:00+00:00,2026-05-24 00:35:00+00:00,LONG,TP,4527.72,4532.2477,11.043086,50.0,35.0,15.0,WIN,-10300.0
331,PAXGUSDT,2026-05-24 10:40:00+00:00,2026-05-24 12:25:00+00:00,SHORT,TP,4535.75,4531.2142,11.023535,50.0,35.0,15.0,WIN,-10285.0
332,PAXGUSDT,2026-05-24 22:10:00+00:00,2026-05-24 22:30:00+00:00,LONG,TP,4548.69,4553.2387,10.992176,50.0,35.0,15.0,WIN,-10270.0
333,PAXGUSDT,2026-05-25 06:00:00+00:00,2026-05-26 00:00:00+00:00,SHORT,TP,4545.37,4540.8246,11.000205,50.0,35.0,15.0,WIN,-10255.0
334,PAXGUSDT,2026-05-26 23:10:00+00:00,2026-05-26 23:30:00+00:00,LONG,TP,4509.03,4513.539,11.088859,50.0,35.0,15.0,WIN,-10240.0
335,PAXGUSDT,2026-05-27 04:05:00+00:00,2026-05-27 05:30:00+00:00,SHORT,TP,4501.59,4497.0884,11.107187,50.0,35.0,15.0,WIN,-10225.0
336,PAXGUSDT,2026-05-27 06:05:00+00:00,2026-05-27 06:15:00+00:00,SHORT,TP,4498.47,4493.9715,11.11489,50.0,35.0,15.0,WIN,-10210.0
337,PAXGUSDT,2026-05-27 23:55:00+00:00,2026-05-28 01:10:00+00:00,SHORT,TP,4445.92,4441.4741,11.246266,50.0,35.0,15.0,WIN,-10195.0
338,PAXGUSDT,2026-05-28 10:30:00+00:00,2026-05-28 12:45:00+00:00,LONG,TP,4404.08,4408.4841,11.353109,50.0,35.0,15.0,WIN,-10180.0
339,PAXGUSDT,2026-05-28 23:55:00+00:00,2026-06-01 13:10:00+00:00,SHORT,TP,4483.01,4478.527,11.153221,50.0,35.0,15.0,WIN,-10165.0
340,PAXGUSDT,2026-06-02 00:55:00+00:00,2026-06-02 01:00:00+00:00,SHORT,TP,4477.25,4472.7728,11.167569,50.0,35.0,15.0,WIN,-10150.0
341,PAXGUSDT,2026-06-02 03:30:00+00:00,2026-06-02 04:00:00+00:00,LONG,TP,4489.94,4494.4299,11.136006,50.0,35.0,15.0,WIN,-10135.0
342,PAXGUSDT,2026-06-02 13:30:00+00:00,2026-06-02 13:50:00+00:00,SHORT,TP,4503.8,4499.2962,11.101736,50.0,35.0,15.0,WIN,-10120.0
343,PAXGUSDT,2026-06-03 23:30:00+00:00,2026-06-03 23:45:00+00:00,LONG,TP,4444.09,4448.5341,11.250897,50.0,35.0,15.0,WIN,-10105.0
344,PAXGUSDT,2026-06-04 18:45:00+00:00,2026-06-04 21:40:00+00:00,SHORT,TP,4468.73,4464.2613,11.188861,50.0,35.0,15.0,WIN,-10090.0
345,PAXGUSDT,2026-06-05 07:35:00+00:00,2026-06-05 11:50:00+00:00,LONG,TP,4458.22,4462.6782,11.215238,50.0,35.0,15.0,WIN,-10075.0
346,PAXGUSDT,2026-06-05 12:55:00+00:00,2026-06-05 12:55:00+00:00,SHORT,TP,4412.66,4408.2473,11.331034,50.0,35.0,15.0,WIN,-10060.0
347,PAXGUSDT,2026-06-07 13:15:00+00:00,2026-06-07 13:25:00+00:00,SHORT,TP,4299.79,4295.4902,11.628475,50.0,35.0,15.0,WIN,-10045.0
348,PAXGUSDT,2026-06-08 03:35:00+00:00,2026-06-08 05:30:00+00:00,SHORT,TP,4299.29,4294.9907,11.629827,50.0,35.0,15.0,WIN,-10030.0
349,PAXGUSDT,2026-06-08 11:35:00+00:00,2026-06-08 12:40:00+00:00,LONG,TP,4321.25,4325.5712,11.570726,50.0,35.0,15.0,WIN,-10015.0
350,PAXGUSDT,2026-06-08 22:40:00+00:00,2026-06-08 23:25:00+00:00,SHORT,TP,4317.28,4312.9627,11.581366,50.0,35.0,15.0,WIN,-10000.0
351,PAXGUSDT,2026-06-09 02:45:00+00:00,2026-06-09 03:45:00+00:00,LONG,TP,4327.53,4331.8575,11.553935,50.0,35.0,15.0,WIN,-9985.0
352,PAXGUSDT,2026-06-09 05:35:00+00:00,2026-06-09 05:40:00+00:00,LONG,TP,4332.72,4337.0527,11.540095,50.0,35.0,15.0,WIN,-9970.0
353,PAXGUSDT,2026-06-09 08:55:00+00:00,2026-06-09 14:10:00+00:00,SHORT,TP,4317.25,4312.9328,11.581447,50.0,35.0,15.0,WIN,-9955.0
354,PAXGUSDT,2026-06-11 01:55:00+00:00,2026-06-11 07:20:00+00:00,LONG,TP,4104.2,4108.3042,12.182642,50.0,35.0,15.0,WIN,-9940.0
355,PAXGUSDT,2026-06-11 12:30:00+00:00,2026-06-11 12:30:00+00:00,SHORT,TP,4069.2,4065.1308,12.287428,50.0,35.0,15.0,WIN,-9925.0
356,PAXGUSDT,2026-06-11 16:15:00+00:00,2026-06-11 16:15:00+00:00,LONG,TP,4103.51,4107.6135,12.184691,50.0,35.0,15.0,WIN,-9910.0
357,PAXGUSDT,2026-06-11 17:35:00+00:00,2026-06-11 17:35:00+00:00,LONG,TP,4145.9,4150.0459,12.060108,50.0,35.0,15.0,WIN,-9895.0
358,PAXGUSDT,2026-06-12 02:50:00+00:00,2026-06-12 05:10:00+00:00,SHORT,TP,4185.17,4180.9848,11.946946,50.0,35.0,15.0,WIN,-9880.0
359,PAXGUSDT,2026-06-12 08:25:00+00:00,2026-06-12 08:55:00+00:00,LONG,TP,4212.75,4216.9628,11.868732,50.0,35.0,15.0,WIN,-9865.0
360,PAXGUSDT,2026-06-14 13:05:00+00:00,2026-06-14 13:25:00+00:00,SHORT,TP,4222.96,4218.737,11.840036,50.0,35.0,15.0,WIN,-9850.0
361,PAXGUSDT,2026-06-15 17:40:00+00:00,2026-06-15 18:00:00+00:00,SHORT,TP,4314.51,4310.1955,11.588802,50.0,35.0,15.0,WIN,-9835.0
362,PAXGUSDT,2026-06-16 03:45:00+00:00,2026-06-16 08:05:00+00:00,LONG,TP,4322.78,4327.1028,11.566631,50.0,35.0,15.0,WIN,-9820.0
363,PAXGUSDT,2026-06-16 15:20:00+00:00,2026-06-17 04:30:00+00:00,SHORT,TP,4315.74,4311.4243,11.585499,50.0,35.0,15.0,WIN,-9805.0
364,PAXGUSDT,2026-06-17 13:05:00+00:00,2026-06-17 13:20:00+00:00,LONG,TP,4321.13,4325.4511,11.571047,50.0,35.0,15.0,WIN,-9790.0
365,PAXGUSDT,2026-06-17 18:20:00+00:00,2026-06-17 18:20:00+00:00,SHORT,TP,4300.57,4296.2694,11.626366,50.0,35.0,15.0,WIN,-9775.0
366,PAXGUSDT,2026-06-18 01:30:00+00:00,2026-06-18 01:40:00+00:00,LONG,TP,4309.89,4314.1999,11.601224,50.0,35.0,15.0,WIN,-9760.0
367,PAXGUSDT,2026-06-18 07:55:00+00:00,2026-06-18 08:00:00+00:00,SHORT,TP,4284.19,4279.9058,11.670818,50.0,35.0,15.0,WIN,-9745.0
368,PAXGUSDT,2026-06-19 18:05:00+00:00,2026-06-20 15:15:00+00:00,LONG,TP,4155.52,4159.6755,12.032189,50.0,35.0,15.0,WIN,-9730.0
369,PAXGUSDT,2026-06-20 15:35:00+00:00,2026-06-21 06:30:00+00:00,LONG,TP,4158.21,4162.3682,12.024405,50.0,35.0,15.0,WIN,-9715.0
370,PAXGUSDT,2026-06-21 15:40:00+00:00,2026-06-22 00:15:00+00:00,LONG,TP,4160.68,4164.8407,12.017266,50.0,35.0,15.0,WIN,-9700.0
371,PAXGUSDT,2026-06-22 00:35:00+00:00,2026-06-22 00:35:00+00:00,LONG,TP,4161.44,4165.6014,12.015072,50.0,35.0,15.0,WIN,-9685.0
372,PAXGUSDT,2026-06-22 09:15:00+00:00,2026-06-22 09:50:00+00:00,LONG,TP,4199.66,4203.8597,11.905726,50.0,35.0,15.0,WIN,-9670.0
373,PAXGUSDT,2026-06-22 13:40:00+00:00,2026-06-22 13:40:00+00:00,SHORT,TP,4186.99,4182.803,11.941753,50.0,35.0,15.0,WIN,-9655.0
374,PAXGUSDT,2026-06-23 00:30:00+00:00,2026-06-23 01:15:00+00:00,SHORT,TP,4177.47,4173.2925,11.968967,50.0,35.0,15.0,WIN,-9640.0
375,PAXGUSDT,2026-06-23 01:35:00+00:00,2026-06-23 01:35:00+00:00,SHORT,TP,4164.5,4160.3355,12.006243,50.0,35.0,15.0,WIN,-9625.0
376,PAXGUSDT,2026-06-23 13:55:00+00:00,2026-06-23 14:05:00+00:00,LONG,TP,4131.02,4135.151,12.103548,50.0,35.0,15.0,WIN,-9610.0
377,PAXGUSDT,2026-06-24 11:05:00+00:00,2026-06-24 11:05:00+00:00,SHORT,TP,4052.57,4048.5174,12.33785,50.0,35.0,15.0,WIN,-9595.0
378,PAXGUSDT,2026-06-25 00:05:00+00:00,2026-06-25 12:45:00+00:00,LONG,TP,4012.28,4016.2923,12.461742,50.0,35.0,15.0,WIN,-9580.0
379,PAXGUSDT,2026-06-25 12:50:00+00:00,2026-06-25 12:50:00+00:00,LONG,TP,4013.76,4017.7738,12.457147,50.0,35.0,15.0,WIN,-9565.0
380,PAXGUSDT,2026-06-25 23:05:00+00:00,2026-06-25 23:45:00+00:00,SHORT,TP,4020.94,4016.9191,12.434903,50.0,35.0,15.0,WIN,-9550.0
381,PAXGUSDT,2026-06-26 07:05:00+00:00,2026-06-26 07:25:00+00:00,LONG,TP,4027.08,4031.1071,12.415944,50.0,35.0,15.0,WIN,-9535.0
382,PAXGUSDT,2026-06-27 17:40:00+00:00,2026-06-27 19:40:00+00:00,SHORT,TP,4074.04,4069.966,12.27283,50.0,35.0,15.0,WIN,-9520.0
383,PAXGUSDT,2026-06-28 15:15:00+00:00,2026-06-28 22:00:00+00:00,SHORT,TP,4071.31,4067.2387,12.281059,50.0,35.0,15.0,WIN,-9505.0
384,PAXGUSDT,2026-06-28 22:15:00+00:00,2026-06-28 22:15:00+00:00,SHORT,TP,4064.42,4060.3556,12.301878,50.0,35.0,15.0,WIN,-9490.0
385,PAXGUSDT,2026-06-29 08:50:00+00:00,2026-06-29 08:55:00+00:00,SHORT,TP,4050.1,4046.0499,12.345374,50.0,35.0,15.0,WIN,-9475.0
386,PAXGUSDT,2026-06-30 06:50:00+00:00,2026-06-30 14:05:00+00:00,LONG,TP,4029.85,4033.8798,12.40741,50.0,35.0,15.0,WIN,-9460.0
387,PAXGUSDT,2026-06-30 20:35:00+00:00,2026-06-30 20:55:00+00:00,SHORT,TP,4008.31,4004.3017,12.474085,50.0,35.0,15.0,WIN,-9445.0
