trade_no,side,entry_time,exit_time,entry_price,exit_price,quantity,exit_reason,gross_pnl,fee_usd,net_pnl
1,SHORT,2025-03-27 20:00:00+00:00,2025-03-28 05:00:00+00:00,3057.03,3081.48624,0.6542297589490452,HARD_SL,-15.999999999999984,1.4056,-17.405599999999986
2,LONG,2025-03-30 12:00:00+00:00,2025-03-30 21:00:00+00:00,3127.99,3112.72,0.6393882333383419,REVERSE_SIGNAL,-9.76345832307647,1.3965827895869232,-11.160041112663393
3,SHORT,2025-03-30 21:00:00+00:00,2025-03-31 06:00:00+00:00,3112.72,3137.62176,0.6425248657123032,HARD_SL,-16.000000000000128,1.4056,-17.405600000000128
4,LONG,2025-03-31 07:00:00+00:00,2025-04-01 16:00:00+00:00,3141.33,3133.78,0.6366730015630322,REVERSE_SIGNAL,-4.806881161800719,1.3983175915933697,-6.205198753394089
5,SHORT,2025-04-01 16:00:00+00:00,2025-04-02 23:00:00+00:00,3133.78,3158.85024,0.6382068939108679,HARD_SL,-16.000000000000007,1.4056,-17.405600000000007
6,LONG,2025-04-03 00:00:00+00:00,2025-04-03 03:00:00+00:00,3187.99,3162.4860799999997,0.6273545400079674,HARD_SL,-16.000000000000068,1.3944,-17.39440000000007
7,SHORT,2025-04-03 11:00:00+00:00,2025-04-03 14:00:00+00:00,3109.52,3134.39616,0.6431860865985747,HARD_SL,-15.99999999999987,1.4056,-17.405599999999872
8,LONG,2025-04-07 03:00:00+00:00,2025-04-07 13:00:00+00:00,3048.37,3023.98304,0.6560883357335232,HARD_SL,-15.999999999999881,1.3944,-17.39439999999988
9,SHORT,2025-04-07 17:00:00+00:00,2025-04-08 01:00:00+00:00,2995.23,3019.19184,0.6677283547507203,HARD_SL,-15.99999999999996,1.4056,-17.40559999999996
10,LONG,2025-04-09 07:00:00+00:00,2025-04-12 14:00:00+00:00,3053.79,3246.51,0.654923881471876,REVERSE_SIGNAL,126.2169304372601,1.444175925653041,124.77275451160706
11,SHORT,2025-04-12 14:00:00+00:00,2025-04-13 16:00:00+00:00,3246.51,3263.85,0.616046154177871,REVERSE_SIGNAL,-10.682240313444092,1.4037387841097055,-12.085979097553798
12,LONG,2025-04-13 16:00:00+00:00,2025-04-14 10:00:00+00:00,3263.85,3237.7392,0.6127732585749958,HARD_SL,-15.999999999999954,1.3944,-17.394399999999955
13,SHORT,2025-04-14 11:00:00+00:00,2025-04-15 23:00:00+00:00,3232.44,3258.29952,0.6187276484636992,HARD_SL,-15.999999999999984,1.4056,-17.405599999999986
14,LONG,2025-04-16 00:00:00+00:00,2025-04-17 14:00:00+00:00,3265.71,3333.66,0.6124242507754822,REVERSE_SIGNAL,41.614227840193905,1.4145649797440678,40.199662860449834
15,SHORT,2025-04-17 14:00:00+00:00,2025-04-20 22:00:00+00:00,3333.66,3360.32928,0.5999412057618354,HARD_SL,-16.000000000000046,1.4056,-17.405600000000046
16,LONG,2025-04-20 23:00:00+00:00,2025-04-22 09:00:00+00:00,3362.14,3458.77,0.5948592265640337,REVERSE_SIGNAL,57.48124706288264,1.420118436472009,56.06112862641063
17,SHORT,2025-04-22 09:00:00+00:00,2025-04-22 10:00:00+00:00,3458.77,3486.44016,0.5782402414731248,HARD_SL,-16.00000000000007,1.4056,-17.40560000000007
18,LONG,2025-04-24 02:00:00+00:00,2025-04-24 03:00:00+00:00,3371.62,3344.64704,0.5931866580456873,HARD_SL,-16.000000000000036,1.3944,-17.394400000000036
19,SHORT,2025-04-25 06:00:00+00:00,2025-04-28 14:00:00+00:00,3307.03,3333.48624,0.6047722578869862,HARD_SL,-15.999999999999988,1.4056,-17.40559999999999
20,LONG,2025-04-28 15:00:00+00:00,2025-04-30 02:00:00+00:00,3330.3,3308.87,0.6005464973125544,REVERSE_SIGNAL,-12.869711437408215,1.395495600996907,-14.265207038405123
21,SHORT,2025-04-30 02:00:00+00:00,2025-04-30 13:00:00+00:00,3308.87,3335.34096,0.6044359554772475,HARD_SL,-16.000000000000064,1.4056,-17.405600000000064
22,LONG,2025-04-30 14:00:00+00:00,2025-04-30 20:00:00+00:00,3315.4,3288.8768,0.6032454605779092,HARD_SL,-16.000000000000053,1.3944,-17.394400000000054
23,SHORT,2025-04-30 23:00:00+00:00,2025-05-02 08:00:00+00:00,3281.64,3274.99,0.6094513718750381,REVERSE_SIGNAL,4.052851622969058,1.3985815019319607,2.654270121037097
24,LONG,2025-05-02 08:00:00+00:00,2025-05-02 13:00:00+00:00,3274.99,3248.7900799999998,0.6106888875996568,HARD_SL,-16.00000000000001,1.3944,-17.39440000000001
25,SHORT,2025-05-02 17:00:00+00:00,2025-05-05 01:00:00+00:00,3241.05,3266.9784000000004,0.6170839697011771,HARD_SL,-16.000000000000146,1.4056,-17.405600000000145
26,LONG,2025-05-05 02:00:00+00:00,2025-05-06 23:00:00+00:00,3279.22,3390.5,0.6099011350260123,REVERSE_SIGNAL,67.86979830569477,1.423754429406993,66.44604387628777
27,SHORT,2025-05-06 23:00:00+00:00,2025-05-08 02:00:00+00:00,3390.5,3415.58,0.5898834980091432,REVERSE_SIGNAL,-14.794278130069268,1.405177997345524,-16.19945612741479
28,LONG,2025-05-08 02:00:00+00:00,2025-05-08 04:00:00+00:00,3415.58,3388.25536,0.585552087785969,HARD_SL,-15.999999999999893,1.3944,-17.394399999999894
29,SHORT,2025-05-08 06:00:00+00:00,2025-05-15 11:00:00+00:00,3358.61,3190.83,0.5954844414802553,REVERSE_SIGNAL,99.91037959155734,1.365031367142955,98.54534822441438
30,LONG,2025-05-15 11:00:00+00:00,2025-05-16 11:00:00+00:00,3190.83,3185.45,0.6267961627538916,REVERSE_SIGNAL,-3.372163355616005,1.3988197428255345,-4.77098309844154
31,SHORT,2025-05-16 11:00:00+00:00,2025-05-16 18:00:00+00:00,3185.45,3210.9336,0.627854777190036,HARD_SL,-16.000000000000018,1.4056,-17.405600000000018
32,LONG,2025-05-18 05:00:00+00:00,2025-05-18 20:00:00+00:00,3234.55,3208.6736,0.6183240327093413,HARD_SL,-16.000000000000064,1.3944,-17.394400000000065
33,SHORT,2025-05-20 03:00:00+00:00,2025-05-20 08:00:00+00:00,3219.2,3244.9536,0.621272365805169,HARD_SL,-16.000000000000004,1.4056,-17.405600000000003
34,LONG,2025-05-20 09:00:00+00:00,2025-05-22 10:00:00+00:00,3252.81,3307.62,0.6148530040180644,REVERSE_SIGNAL,33.700093150230074,1.4117950326025805,32.28829811762749
35,SHORT,2025-05-22 10:00:00+00:00,2025-05-23 06:00:00+00:00,3307.62,3334.08096,0.6046643810353064,HARD_SL,-15.999999999999932,1.4056,-17.405599999999932
36,LONG,2025-05-23 12:00:00+00:00,2025-05-25 23:00:00+00:00,3348.27,3347.56,0.5973233938720593,REVERSE_SIGNAL,-0.42409960964918386,1.3998515651366228,-1.8239511747858066
37,SHORT,2025-05-25 23:00:00+00:00,2025-05-28 10:00:00+00:00,3347.56,3334.13,0.5974500830455616,REVERSE_SIGNAL,8.023754615301794,1.3971916858846445,6.626562929417149
38,LONG,2025-05-28 10:00:00+00:00,2025-05-28 15:00:00+00:00,3334.13,3307.45696,0.5998566342644108,HARD_SL,-16.000000000000078,1.3944,-17.39440000000008
39,SHORT,2025-05-28 21:00:00+00:00,2025-05-29 12:00:00+00:00,3297.66,3311.62,0.606490663076242,REVERSE_SIGNAL,-8.46660965654436,1.4029633133797905,-9.869572969924151
40,LONG,2025-05-29 12:00:00+00:00,2025-05-30 14:00:00+00:00,3311.62,3290.08,0.6039340262469728,REVERSE_SIGNAL,-13.008738925359772,1.395446941376124,-14.404185866735896
41,SHORT,2025-05-30 14:00:00+00:00,2025-06-01 19:00:00+00:00,3290.08,3310.0,0.6078879540923017,REVERSE_SIGNAL,-12.109128045518693,1.4042381948159315,-13.513366240334625
42,LONG,2025-06-01 19:00:00+00:00,2025-06-03 04:00:00+00:00,3310.0,3368.44,0.6042296072507553,REVERSE_SIGNAL,35.31117824773417,1.4123589123867069,33.89881933534746
43,SHORT,2025-06-03 04:00:00+00:00,2025-06-04 15:00:00+00:00,3368.44,3387.21,0.5937466601750365,REVERSE_SIGNAL,-11.144624811485425,1.40390061868402,-12.548525430169445
44,LONG,2025-06-04 15:00:00+00:00,2025-06-05 15:00:00+00:00,3387.21,3360.11232,0.5904564523604973,HARD_SL,-15.999999999999913,1.3944,-17.394399999999912
45,SHORT,2025-06-05 16:00:00+00:00,2025-06-06 04:00:00+00:00,3362.4,3389.2992,0.5948132286462051,HARD_SL,-15.999999999999904,1.4056,-17.405599999999904
46,LONG,2025-06-09 00:00:00+00:00,2025-06-09 01:00:00+00:00,3339.5,3324.75,0.5988920497080401,REVERSE_SIGNAL,-8.833657733193592,1.3969082197933822,-10.230565952986973
47,SHORT,2025-06-09 01:00:00+00:00,2025-06-09 07:00:00+00:00,3324.75,3342.86,0.6015489886457629,REVERSE_SIGNAL,-10.894052184374843,1.4038129182645314,-12.297865102639374
48,LONG,2025-06-09 07:00:00+00:00,2025-06-10 02:00:00+00:00,3342.86,3325.0,0.5982900869315496,REVERSE_SIGNAL,-10.685460952597552,1.3962600886665908,-12.081721041264142
49,SHORT,2025-06-10 02:00:00+00:00,2025-06-10 11:00:00+00:00,3325.0,3349.21,0.6015037593984962,REVERSE_SIGNAL,-14.562406015037615,1.4050968421052632,-15.967502857142879
50,LONG,2025-06-10 11:00:00+00:00,2025-06-16 03:00:00+00:00,3349.21,3464.41,0.5971557471761998,REVERSE_SIGNAL,68.79234207469811,1.4240773197261445,67.36826475497197
51,SHORT,2025-06-16 03:00:00+00:00,2025-06-20 22:00:00+00:00,3464.41,3394.19,0.5772988762877374,REVERSE_SIGNAL,40.537927092924804,1.3858117255174762,39.152115367407326
52,LONG,2025-06-20 22:00:00+00:00,2025-06-22 23:00:00+00:00,3394.19,3412.54,0.5892422050621797,REVERSE_SIGNAL,10.812594462890944,1.4037844080620119,9.408810054828932
53,SHORT,2025-06-22 23:00:00+00:00,2025-06-26 00:00:00+00:00,3412.54,3352.32,0.5860737163520428,REVERSE_SIGNAL,35.2933591987199,1.387647324280448,33.90571187443945
54,LONG,2025-06-26 00:00:00+00:00,2025-06-26 13:00:00+00:00,3352.32,3335.18,0.5966017563955708,REVERSE_SIGNAL,-10.225754104620279,1.396420986063383,-11.622175090683662
55,SHORT,2025-06-26 13:00:00+00:00,2025-06-30 03:00:00+00:00,3335.18,3291.19,0.5996677840476377,REVERSE_SIGNAL,26.37938582025545,1.3907672149629107,24.98861860529254
56,LONG,2025-06-30 03:00:00+00:00,2025-07-02 07:00:00+00:00,3291.19,3337.12,0.607682935351651,REVERSE_SIGNAL,27.91087722070123,1.4097688070272454,26.501108413673986
57,SHORT,2025-07-02 07:00:00+00:00,2025-07-02 20:00:00+00:00,3337.12,3359.27,0.599319173418996,REVERSE_SIGNAL,-13.274919691230815,1.404646221891931,-14.679565913122746
58,LONG,2025-07-02 20:00:00+00:00,2025-07-03 12:00:00+00:00,3359.27,3332.39584,0.5953674459034255,HARD_SL,-15.99999999999991,1.3944,-17.39439999999991
59,SHORT,2025-07-03 13:00:00+00:00,2025-07-06 09:00:00+00:00,3328.5,3346.81,0.6008712633318312,REVERSE_SIGNAL,-11.001952831605795,1.403850683491062,-12.405803515096856
60,LONG,2025-07-06 09:00:00+00:00,2025-07-06 16:00:00+00:00,3346.81,3339.64,0.5975839680173061,REVERSE_SIGNAL,-4.284677050684128,1.3985003630322606,-5.683177413716389
61,SHORT,2025-07-06 16:00:00+00:00,2025-07-07 18:00:00+00:00,3339.64,3336.2,0.5988669437424393,REVERSE_SIGNAL,2.0601022864740237,1.399278964199734,0.6608233222742896
62,LONG,2025-07-07 18:00:00+00:00,2025-07-08 14:00:00+00:00,3336.2,3318.82,0.5994844433786943,REVERSE_SIGNAL,-10.419039625921501,1.3963533361309273,-11.815392962052428
63,SHORT,2025-07-08 14:00:00+00:00,2025-07-09 15:00:00+00:00,3318.82,3316.99,0.6026238241302632,REVERSE_SIGNAL,1.102801598158612,1.3996140194406446,-0.29681242128203267
64,LONG,2025-07-09 15:00:00+00:00,2025-07-15 16:00:00+00:00,3316.99,3337.31,0.6029562947129777,REVERSE_SIGNAL,12.252071908567807,1.4042882251679987,10.847783683399808
65,SHORT,2025-07-15 16:00:00+00:00,2025-07-16 15:00:00+00:00,3337.31,3364.00848,0.5992850529318523,HARD_SL,-16.00000000000001,1.4056,-17.40560000000001
66,LONG,2025-07-16 17:00:00+00:00,2025-07-17 12:00:00+00:00,3354.11,3327.27712,0.5962833657810864,HARD_SL,-15.999999999999957,1.3944,-17.39439999999996
67,SHORT,2025-07-17 13:00:00+00:00,2025-07-18 07:00:00+00:00,3323.0,3349.584,0.6018657839301835,HARD_SL,-15.999999999999899,1.4056,-17.4055999999999
68,LONG,2025-07-18 08:00:00+00:00,2025-07-20 10:00:00+00:00,3350.64,3354.34,0.5969008905761287,REVERSE_SIGNAL,2.208533295131839,1.400772986653296,0.807760308478543
69,SHORT,2025-07-20 10:00:00+00:00,2025-07-21 02:00:00+00:00,3354.34,3361.55,0.5962424798917223,REVERSE_SIGNAL,-4.298908280019339,1.4015046178980068,-5.700412897917346
70,LONG,2025-07-21 02:00:00+00:00,2025-07-23 14:00:00+00:00,3361.55,3413.16,0.5949636328479422,REVERSE_SIGNAL,30.7060730912821,1.4107471255819488,29.29532596570015
71,SHORT,2025-07-23 14:00:00+00:00,2025-07-31 09:00:00+00:00,3413.16,3316.15,0.5859672561497263,REVERSE_SIGNAL,56.84468351908481,1.38010436076832,55.46457915831649
72,LONG,2025-07-31 09:00:00+00:00,2025-08-01 01:00:00+00:00,3316.15,3289.6208,0.6031090270343621,HARD_SL,-15.999999999999966,1.3944,-17.394399999999965
73,SHORT,2025-08-01 02:00:00+00:00,2025-08-01 12:00:00+00:00,3289.94,3316.25952,0.6079138221365739,HARD_SL,-16.000000000000004,1.4056,-17.405600000000003
74,LONG,2025-08-01 13:00:00+00:00,2025-08-04 01:00:00+00:00,3341.0,3352.48,0.5986231667165519,REVERSE_SIGNAL,6.872193953906027,1.402405267883867,5.46978868602216
75,SHORT,2025-08-04 01:00:00+00:00,2025-08-04 12:00:00+00:00,3352.48,3370.69,0.5965732830620913,REVERSE_SIGNAL,-10.863599484560705,1.4038022598195963,-12.267401744380301
76,LONG,2025-08-04 12:00:00+00:00,2025-08-05 10:00:00+00:00,3370.69,3360.54,0.5933503229309133,REVERSE_SIGNAL,-6.022505777748823,1.3978921229777879,-7.420397900726611
77,SHORT,2025-08-05 10:00:00+00:00,2025-08-05 14:00:00+00:00,3360.54,3373.4,0.595142447344772,REVERSE_SIGNAL,-7.6535318728538435,1.4026787361554989,-9.056210609009343
78,LONG,2025-08-05 14:00:00+00:00,2025-08-06 10:00:00+00:00,3373.4,3361.79,0.5928736586233474,REVERSE_SIGNAL,-6.883263176617139,1.397590857888184,-8.280854034505323
79,SHORT,2025-08-06 10:00:00+00:00,2025-08-07 02:00:00+00:00,3361.79,3381.72,0.5949211580735263,REVERSE_SIGNAL,-11.856778680405283,1.4041498725381418,-13.260928552943424
80,LONG,2025-08-07 02:00:00+00:00,2025-08-11 00:00:00+00:00,3381.72,3381.76,0.5914150195758372,REVERSE_SIGNAL,0.023656600783280916,1.4000082798102742,-1.3763516790269932
81,SHORT,2025-08-11 00:00:00+00:00,2025-08-14 01:00:00+00:00,3381.76,3357.7,0.5914080242240727,REVERSE_SIGNAL,14.229277062831425,1.395019753028009,12.834257309803416
82,LONG,2025-08-14 01:00:00+00:00,2025-08-14 08:00:00+00:00,3357.7,3340.46,0.5956458289900826,REVERSE_SIGNAL,-10.268934091788893,1.396405873067874,-11.665339964856766
83,SHORT,2025-08-14 08:00:00+00:00,2025-08-17 05:00:00+00:00,3340.46,3331.78,0.5987199367751747,REVERSE_SIGNAL,5.196889051208418,1.398181088832077,3.7987079623763407
84,LONG,2025-08-17 05:00:00+00:00,2025-08-18 00:00:00+00:00,3331.78,3322.47,0.6002797303543451,REVERSE_SIGNAL,-5.588604289599194,1.3980439884986404,-6.986648278097834
85,SHORT,2025-08-18 00:00:00+00:00,2025-08-18 01:00:00+00:00,3322.47,3333.77,0.6019617934849676,REVERSE_SIGNAL,-6.802168266380243,1.402380758893233,-8.204549025273476
86,LONG,2025-08-18 01:00:00+00:00,2025-08-18 18:00:00+00:00,3333.77,3328.8,0.5999214102952514,REVERSE_SIGNAL,-2.9816094091672793,1.3989564367067915,-4.380565845874071
87,SHORT,2025-08-18 18:00:00+00:00,2025-08-20 12:00:00+00:00,3328.8,3322.79,0.600817111271329,REVERSE_SIGNAL,3.610910838740818,1.3987361812064407,2.2121746575343773
88,LONG,2025-08-20 12:00:00+00:00,2025-08-21 11:00:00+00:00,3322.79,3322.84,0.6019038217883165,REVERSE_SIGNAL,0.030095191089525308,1.4000105333168813,-1.369915342227356
89,SHORT,2025-08-21 11:00:00+00:00,2025-08-22 14:00:00+00:00,3322.84,3349.42272,0.6018947647193365,HARD_SL,-15.999999999999927,1.4056,-17.40559999999993
90,LONG,2025-08-22 15:00:00+00:00,2025-08-24 21:00:00+00:00,3358.92,3355.78,0.5954294832862944,REVERSE_SIGNAL,-1.8696485775188887,1.3993456229978682,-3.268994200516757
91,SHORT,2025-08-24 21:00:00+00:00,2025-08-26 01:00:00+00:00,3355.78,3365.39,0.5959866260601112,REVERSE_SIGNAL,-5.727431476437474,1.4020046010167533,-7.129436077454227
92,LONG,2025-08-26 01:00:00+00:00,2025-09-02 08:00:00+00:00,3365.39,3492.02,0.5942847634300928,REVERSE_SIGNAL,75.25427959315272,1.4263389978576033,73.82794059529512
93,SHORT,2025-09-02 08:00:00+00:00,2025-09-02 14:00:00+00:00,3492.02,3519.95616,0.5727344058739641,HARD_SL,-16.000000000000114,1.4056,-17.405600000000113
94,LONG,2025-09-02 16:00:00+00:00,2025-09-04 03:00:00+00:00,3533.42,3542.92,0.5660238522451336,REVERSE_SIGNAL,5.37722659632877,1.401882029308715,3.9753445670200547
95,SHORT,2025-09-04 03:00:00+00:00,2025-09-05 12:00:00+00:00,3542.92,3571.26336,0.5645061136012103,HARD_SL,-15.999999999999913,1.4056,-17.405599999999914
96,LONG,2025-09-05 13:00:00+00:00,2025-09-08 02:00:00+00:00,3579.89,3598.4,0.5586763839112375,REVERSE_SIGNAL,10.341099866197128,1.403619384953169,8.93748048124396
97,SHORT,2025-09-08 02:00:00+00:00,2025-09-08 08:00:00+00:00,3598.4,3618.6,0.5558025789239662,REVERSE_SIGNAL,-11.227212094264017,1.4039295242329926,-12.63114161849701
98,LONG,2025-09-08 08:00:00+00:00,2025-09-09 21:00:00+00:00,3618.6,3637.55,0.5526999392030068,REVERSE_SIGNAL,10.473663847897129,1.403665782346764,9.069998065550365
99,SHORT,2025-09-09 21:00:00+00:00,2025-09-12 03:00:00+00:00,3637.55,3644.0,0.5498206210223914,REVERSE_SIGNAL,-3.5463430055943244,1.401241220051958,-4.947584225646282
100,LONG,2025-09-12 03:00:00+00:00,2025-09-13 02:00:00+00:00,3644.0,3630.22,0.5488474204171241,REVERSE_SIGNAL,-7.56311745334808,1.3973529088913281,-8.960470362239409
101,SHORT,2025-09-13 02:00:00+00:00,2025-09-14 06:00:00+00:00,3630.22,3646.94,0.5509307975825157,REVERSE_SIGNAL,-9.211562935579803,1.4032240470274528,-10.614786982607257
102,LONG,2025-09-14 06:00:00+00:00,2025-09-15 00:00:00+00:00,3646.94,3642.44,0.5484049641617356,REVERSE_SIGNAL,-2.46782233872781,1.3991362621814452,-3.866958600909255
103,SHORT,2025-09-15 00:00:00+00:00,2025-09-15 13:00:00+00:00,3642.44,3656.66,0.5490824831706219,REVERSE_SIGNAL,-7.807952910686134,1.4027327835187402,-9.210685694204875
104,LONG,2025-09-15 13:00:00+00:00,2025-09-17 08:00:00+00:00,3656.66,3677.27,0.5469472141243649,REVERSE_SIGNAL,11.272582083103229,1.403945403729086,9.868636679374143
105,SHORT,2025-09-17 08:00:00+00:00,2025-09-17 18:00:00+00:00,3677.27,3706.68816,0.5438817383548121,HARD_SL,-16.000000000000092,1.4056,-17.405600000000092
106,LONG,2025-09-19 15:00:00+00:00,2025-09-24 15:00:00+00:00,3669.88,3758.8,0.5449769474751218,REVERSE_SIGNAL,48.45935016948787,1.4169607725593207,47.04238939692855
107,SHORT,2025-09-24 15:00:00+00:00,2025-09-26 14:00:00+00:00,3758.8,3769.85,0.5320847078854953,REVERSE_SIGNAL,-5.8795360221345785,1.402057837607747,-7.281593859742325
108,LONG,2025-09-26 14:00:00+00:00,2025-09-28 21:00:00+00:00,3769.85,3766.0,0.5305250872050612,REVERSE_SIGNAL,-2.042521585739437,1.3992851174449912,-3.4418067031844286
109,SHORT,2025-09-28 21:00:00+00:00,2025-09-28 23:00:00+00:00,3766.0,3776.05,0.5310674455655868,REVERSE_SIGNAL,-5.337227827934244,1.4018680297397768,-6.739095857674021
110,LONG,2025-09-28 23:00:00+00:00,2025-09-30 09:00:00+00:00,3776.05,3828.01,0.529654003522199,REVERSE_SIGNAL,27.520822023013483,1.4096322877080547,26.11118973530543
111,SHORT,2025-09-30 09:00:00+00:00,2025-09-30 14:00:00+00:00,3828.01,3858.6340800000003,0.5224646748571712,HARD_SL,-16.000000000000025,1.4056,-17.405600000000025
112,LONG,2025-09-30 20:00:00+00:00,2025-10-02 14:00:00+00:00,3868.55,3837.6016,0.5169895697354305,HARD_SL,-16.00000000000011,1.3944,-17.39440000000011
113,SHORT,2025-10-02 15:00:00+00:00,2025-10-03 13:00:00+00:00,3849.0,3879.792,0.5196154845414394,HARD_SL,-15.999999999999957,1.4056,-17.405599999999957
114,LONG,2025-10-03 16:00:00+00:00,2025-10-09 17:00:00+00:00,3888.4,3981.65,0.5143503754757741,REVERSE_SIGNAL,47.963172513115936,1.4167871103795906,46.54638540273635
115,SHORT,2025-10-09 17:00:00+00:00,2025-10-10 09:00:00+00:00,3981.65,4013.5032,0.502304321072922,HARD_SL,-16.000000000000007,1.4056,-17.405600000000007
116,LONG,2025-10-10 20:00:00+00:00,2025-10-10 21:00:00+00:00,4023.56,3991.3715199999997,0.49707224448001275,HARD_SL,-16.000000000000128,1.3944,-17.39440000000013
117,SHORT,2025-10-11 02:00:00+00:00,2025-10-11 06:00:00+00:00,3961.73,3993.42384,0.5048299606485046,HARD_SL,-15.999999999999956,1.4056,-17.405599999999957
118,LONG,2025-10-12 23:00:00+00:00,2025-10-14 06:00:00+00:00,4043.52,4129.03,0.4946185501741057,REVERSE_SIGNAL,42.294832225387665,1.4148031912788857,40.88002903410878
119,SHORT,2025-10-14 06:00:00+00:00,2025-10-14 16:00:00+00:00,4129.03,4162.06224,0.48437526489272303,HARD_SL,-16.000000000000224,1.4056,-17.405600000000224
120,LONG,2025-10-15 02:00:00+00:00,2025-10-16 23:00:00+00:00,4195.86,4403.58,0.4766603270843165,REVERSE_SIGNAL,99.01188314195434,1.4346541590996842,97.57722898285466
121,SHORT,2025-10-16 23:00:00+00:00,2025-10-16 23:00:00+00:00,4403.58,4438.80864,0.4541759205010469,HARD_SL,-16.00000000000012,1.4056,-17.40560000000012
122,LONG,2025-10-17 00:00:00+00:00,2025-10-17 00:00:00+00:00,4437.76,4402.25792,0.4506778194404384,HARD_SL,-16.000000000000092,1.3944,-17.394400000000093
123,SHORT,2025-10-17 17:00:00+00:00,2025-10-17 18:00:00+00:00,4209.98,4243.659839999999,0.47506163924769246,HARD_SL,-15.9999999999999,1.4056,-17.4055999999999
124,LONG,2025-10-20 04:00:00+00:00,2025-10-20 06:00:00+00:00,4259.57,4225.493439999999,0.46953096204546474,HARD_SL,-16.000000000000203,1.3944,-17.394400000000203
125,SHORT,2025-10-21 08:00:00+00:00,2025-10-24 16:00:00+00:00,4297.82,4121.31,0.46535220181394293,REVERSE_SIGNAL,82.13931714217874,1.3712512390002374,80.7680659031785
126,LONG,2025-10-24 16:00:00+00:00,2025-10-24 20:00:00+00:00,4121.31,4088.3395200000004,0.48528259218549435,HARD_SL,-15.999999999999975,1.3944,-17.394399999999976
127,SHORT,2025-10-26 23:00:00+00:00,2025-10-29 01:00:00+00:00,4074.07,3979.43,0.4909095818186727,REVERSE_SIGNAL,46.45968282331935,1.3837391110118382,45.075943712307506
128,LONG,2025-10-29 01:00:00+00:00,2025-10-29 02:00:00+00:00,3979.43,3947.59456,0.5025845410021034,HARD_SL,-15.999999999999918,1.3944,-17.39439999999992
129,SHORT,2025-10-29 20:00:00+00:00,2025-10-30 04:00:00+00:00,3947.86,3979.44288,0.5066035776344653,HARD_SL,-15.999999999999966,1.4056,-17.405599999999968
130,LONG,2025-10-30 19:00:00+00:00,2025-10-31 16:00:00+00:00,4009.21,3977.13632,0.49885139466378664,HARD_SL,-15.999999999999984,1.3944,-17.394399999999983
131,SHORT,2025-11-03 00:00:00+00:00,2025-11-03 03:00:00+00:00,3976.64,3999.87,0.5029371529733645,REVERSE_SIGNAL,-11.683230063571266,1.40408913052225,-13.087319194093515
132,LONG,2025-11-03 03:00:00+00:00,2025-11-04 02:00:00+00:00,3999.87,3967.87104,0.5000162505281421,HARD_SL,-15.999999999999948,1.3944,-17.394399999999948
133,SHORT,2025-11-04 06:00:00+00:00,2025-11-05 17:00:00+00:00,3965.07,3980.43,0.5044047141664586,REVERSE_SIGNAL,-7.747656409596639,1.402711679743359,-9.150368089339999
134,LONG,2025-11-05 17:00:00+00:00,2025-11-06 16:00:00+00:00,3980.43,3972.5,0.5024582771208136,REVERSE_SIGNAL,-3.9844941375679697,1.3986054270518513,-5.383099564619821
135,SHORT,2025-11-06 16:00:00+00:00,2025-11-07 09:00:00+00:00,3972.5,4004.28,0.5034612964128382,HARD_SL,-16.0000000000001,1.4056,-17.4056000000001
136,LONG,2025-11-10 00:00:00+00:00,2025-11-11 16:00:00+00:00,4003.24,4093.66,0.4995953277844946,REVERSE_SIGNAL,45.173409538274036,1.415810693338396,43.75759884493564
137,SHORT,2025-11-11 16:00:00+00:00,2025-11-11 23:00:00+00:00,4093.66,4126.40928,0.4885603591895761,HARD_SL,-16.0,1.4056,-17.4056
138,LONG,2025-11-12 16:00:00+00:00,2025-11-13 18:00:00+00:00,4169.39,4136.03488,0.47968647691868593,HARD_SL,-16.00000000000008,1.3944,-17.394400000000083
139,SHORT,2025-11-13 19:00:00+00:00,2025-11-13 23:00:00+00:00,4143.78,4176.93024,0.48265110599500943,HARD_SL,-15.999999999999972,1.4056,-17.40559999999997
140,LONG,2025-11-16 03:00:00+00:00,2025-11-16 23:00:00+00:00,4106.27,4073.4198400000005,0.4870600325843161,HARD_SL,-15.999999999999979,1.3944,-17.39439999999998
141,SHORT,2025-11-17 01:00:00+00:00,2025-11-18 18:00:00+00:00,4076.72,4061.8,0.49059047469534334,REVERSE_SIGNAL,7.319609882454335,1.3974381365411408,5.922171745913195
142,LONG,2025-11-18 18:00:00+00:00,2025-11-19 20:00:00+00:00,4061.8,4062.6,0.4923925353291644,REVERSE_SIGNAL,0.39391402826319716,1.400137869909892,-1.0062238416466949
143,SHORT,2025-11-19 20:00:00+00:00,2025-11-19 23:00:00+00:00,4062.6,4095.1008,0.49229557426278736,HARD_SL,-16.000000000000124,1.4056,-17.405600000000124
144,LONG,2025-11-21 17:00:00+00:00,2025-11-21 20:00:00+00:00,4097.44,4064.6604799999996,0.4881096489515405,HARD_SL,-16.000000000000025,1.3944,-17.394400000000026
145,SHORT,2025-11-23 15:00:00+00:00,2025-11-24 12:00:00+00:00,4041.01,4063.65,0.49492577350711825,REVERSE_SIGNAL,-11.205119512201094,1.4039217918292703,-12.609041304030365
146,LONG,2025-11-24 12:00:00+00:00,2025-12-02 04:00:00+00:00,4063.65,4228.76,0.49216837079965053,REVERSE_SIGNAL,81.26191970273037,1.4284416718959556,79.83347803083441
147,SHORT,2025-12-02 04:00:00+00:00,2025-12-03 14:00:00+00:00,4228.76,4241.0,0.47295188187553794,REVERSE_SIGNAL,-5.788931034156481,1.4020261258619546,-7.190957160018436
148,LONG,2025-12-03 14:00:00+00:00,2025-12-03 16:00:00+00:00,4241.0,4207.072,0.47158688988446124,HARD_SL,-15.999999999999947,1.3944,-17.394399999999948
149,SHORT,2025-12-04 06:00:00+00:00,2025-12-04 16:00:00+00:00,4185.79,4219.27632,0.4778070567324209,HARD_SL,-15.999999999999991,1.4056,-17.405599999999993
150,LONG,2025-12-05 06:00:00+00:00,2025-12-05 19:00:00+00:00,4225.56,4215.85,0.4733100464790465,REVERSE_SIGNAL,-4.595840551311559,1.398391455807041,-5.9942320071186
151,SHORT,2025-12-05 19:00:00+00:00,2025-12-08 00:00:00+00:00,4215.85,4212.25,0.4744001802720685,REVERSE_SIGNAL,1.7078406489796192,1.3994022557728572,0.30843839320676203
152,LONG,2025-12-08 00:00:00+00:00,2025-12-08 15:00:00+00:00,4212.25,4204.83,0.4748056264466734,REVERSE_SIGNAL,-3.523057748234351,1.398766929788118,-4.921824678022469
153,SHORT,2025-12-08 15:00:00+00:00,2025-12-09 16:00:00+00:00,4204.83,4214.84,0.47564348618136765,REVERSE_SIGNAL,-4.761191296675594,1.4016664169538366,-6.16285771362943
154,LONG,2025-12-09 16:00:00+00:00,2025-12-12 16:00:00+00:00,4214.84,4300.83,0.47451386054986666,REVERSE_SIGNAL,40.80344686868293,1.4142812064040389,39.38916566227889
155,SHORT,2025-12-12 16:00:00+00:00,2025-12-15 01:00:00+00:00,4300.83,4335.23664,0.46502651813719675,HARD_SL,-16.00000000000007,1.4056,-17.40560000000007
156,LONG,2025-12-15 02:00:00+00:00,2025-12-15 16:00:00+00:00,4334.41,4331.07,0.46142381546738775,REVERSE_SIGNAL,-1.5411555436611422,1.3994605955597186,-2.940616139220861
157,SHORT,2025-12-15 16:00:00+00:00,2025-12-16 14:00:00+00:00,4331.07,4323.41,0.4617796526031674,REVERSE_SIGNAL,3.537232138940195,1.3987619687513708,2.138470170188824
158,LONG,2025-12-16 14:00:00+00:00,2025-12-23 15:00:00+00:00,4323.41,4461.6,0.4625978105245628,REVERSE_SIGNAL,63.926391436389565,1.4223742370027364,62.50401719938683
159,SHORT,2025-12-23 15:00:00+00:00,2025-12-23 18:00:00+00:00,4461.6,4497.2928,0.4482696790389098,HARD_SL,-15.999999999999913,1.4056,-17.405599999999914
160,LONG,2025-12-23 21:00:00+00:00,2025-12-24 14:00:00+00:00,4512.71,4476.60832,0.4431926713659863,HARD_SL,-15.999999999999893,1.3944,-17.394399999999894
161,SHORT,2025-12-24 15:00:00+00:00,2025-12-25 23:00:00+00:00,4480.05,4515.8904,0.44642358902244395,HARD_SL,-16.00000000000002,1.4056,-17.40560000000002
162,LONG,2025-12-26 00:00:00+00:00,2025-12-28 14:00:00+00:00,4514.34,4555.09,0.443032647075763,REVERSE_SIGNAL,18.053580368337343,1.406318753128918,16.647261615208425
163,SHORT,2025-12-28 14:00:00+00:00,2025-12-30 13:00:00+00:00,4555.09,4419.44,0.43906926098057336,REVERSE_SIGNAL,59.55974525201501,1.3791540891617946,58.18059116285322
164,LONG,2025-12-30 13:00:00+00:00,2025-12-30 14:00:00+00:00,4419.44,4384.0844799999995,0.4525460239306338,HARD_SL,-16.000000000000036,1.3944,-17.394400000000036
165,SHORT,2025-12-31 05:00:00+00:00,2026-01-02 00:00:00+00:00,4349.14,4361.3,0.45986102999673495,REVERSE_SIGNAL,-5.59191012476023,1.401957168543666,-6.993867293303897
166,LONG,2026-01-02 00:00:00+00:00,2026-01-02 15:00:00+00:00,4361.3,4369.14,0.4585788641001536,REVERSE_SIGNAL,3.5952582945452707,1.4012583404030907,2.19399995414218
167,SHORT,2026-01-02 15:00:00+00:00,2026-01-03 09:00:00+00:00,4369.14,4364.33,0.4577559885927207,REVERSE_SIGNAL,2.2018063051311696,1.3992293677932042,0.8025769373379654
168,LONG,2026-01-03 09:00:00+00:00,2026-01-07 06:00:00+00:00,4364.33,4465.96,0.45826048900976785,REVERSE_SIGNAL,46.57301349806276,1.4163005547243221,45.156712943338434
169,SHORT,2026-01-07 06:00:00+00:00,2026-01-08 17:00:00+00:00,4465.96,4470.02,0.447832045069817,REVERSE_SIGNAL,-1.8181981029836363,1.4006363693360444,-3.2188344723196805
170,LONG,2026-01-08 17:00:00+00:00,2026-01-11 14:00:00+00:00,4470.02,4510.93,0.4474252911620082,REVERSE_SIGNAL,18.30416866143769,1.4064064590315033,16.897762202406184
171,SHORT,2026-01-11 14:00:00+00:00,2026-01-11 23:00:00+00:00,4510.93,4547.0174400000005,0.44336755391903665,HARD_SL,-16.000000000000107,1.4056,-17.405600000000106
172,LONG,2026-01-12 00:00:00+00:00,2026-01-15 04:00:00+00:00,4542.95,4600.34,0.4402425736580856,REVERSE_SIGNAL,25.265521302237676,1.4088429324557832,23.856678369781893
173,SHORT,2026-01-15 04:00:00+00:00,2026-01-18 07:00:00+00:00,4600.34,4619.42,0.4347504749648939,REVERSE_SIGNAL,-8.295039062330144,1.4029032636718155,-9.697942326001959
174,LONG,2026-01-18 07:00:00+00:00,2026-01-21 20:00:00+00:00,4619.42,4806.1,0.4329547865316425,REVERSE_SIGNAL,80.82399954972715,1.4282883998424045,79.39571114988475
175,SHORT,2026-01-21 20:00:00+00:00,2026-01-21 20:00:00+00:00,4806.1,4844.5488000000005,0.4161378248475895,HARD_SL,-16.00000000000005,1.4056,-17.40560000000005
176,LONG,2026-01-22 18:00:00+00:00,2026-01-26 22:00:00+00:00,4919.06,5024.11,0.40658174529279983,REVERSE_SIGNAL,42.71141234300833,1.4149489943200528,41.29646334868828
177,SHORT,2026-01-26 22:00:00+00:00,2026-01-26 23:00:00+00:00,5024.11,5064.302879999999,0.3980804560409705,HARD_SL,-15.999999999999844,1.4056,-17.405599999999843
178,LONG,2026-01-27 21:00:00+00:00,2026-01-29 16:00:00+00:00,5192.39,5257.26,0.38517907938348234,REVERSE_SIGNAL,24.986566879606457,1.4087452984078623,23.577821581198595
179,SHORT,2026-01-29 16:00:00+00:00,2026-01-29 16:00:00+00:00,5257.26,5299.31808,0.3804263057181878,HARD_SL,-15.99999999999992,1.4056,-17.40559999999992
180,LONG,2026-02-02 13:00:00+00:00,2026-02-02 13:00:00+00:00,4821.22,4782.65024,0.41483276017273635,HARD_SL,-16.00000000000013,1.3944,-17.394400000000132
181,SHORT,2026-02-04 16:00:00+00:00,2026-02-04 21:00:00+00:00,4938.54,4978.04832,0.4049779894462736,HARD_SL,-15.999999999999964,1.4056,-17.405599999999964
182,LONG,2026-02-06 06:00:00+00:00,2026-02-06 06:00:00+00:00,4897.69,4858.5084799999995,0.4083557758861831,HARD_SL,-16.00000000000004,1.3944,-17.39440000000004
183,SHORT,2026-02-09 02:00:00+00:00,2026-02-09 03:00:00+00:00,4986.09,5025.97872,0.40111590444616924,HARD_SL,-15.999999999999968,1.4056,-17.405599999999968
184,LONG,2026-02-09 17:00:00+00:00,2026-02-09 23:00:00+00:00,5083.01,5042.34592,0.39346765007348006,HARD_SL,-16.00000000000018,1.3944,-17.394400000000182
185,SHORT,2026-02-12 17:00:00+00:00,2026-02-13 13:00:00+00:00,4962.64,5002.34112,0.40301130043686423,HARD_SL,-15.999999999999886,1.4056,-17.405599999999886
186,LONG,2026-02-13 18:00:00+00:00,2026-02-16 00:00:00+00:00,5025.5,5022.0,0.39797035120883495,REVERSE_SIGNAL,-1.3928962292309224,1.399512486319769,-2.7924087155506916
187,SHORT,2026-02-16 00:00:00+00:00,2026-02-18 14:00:00+00:00,5022.0,4956.39,0.39824771007566706,REVERSE_SIGNAL,26.129032258064385,1.3908548387096775,24.738177419354706
188,LONG,2026-02-18 14:00:00+00:00,2026-02-22 04:00:00+00:00,4956.39,5121.37,0.40351949705329887,REVERSE_SIGNAL,66.57264662385307,1.4233004263183486,65.14934619753473
189,SHORT,2026-02-22 04:00:00+00:00,2026-02-22 14:00:00+00:00,5121.37,5162.3409599999995,0.3905205052554297,HARD_SL,-15.999999999999863,1.4056,-17.405599999999865
190,LONG,2026-02-22 15:00:00+00:00,2026-02-24 02:00:00+00:00,5157.35,5193.32,0.3877960580530699,REVERSE_SIGNAL,13.94902420816867,1.404882158472859,12.544142049695811
191,SHORT,2026-02-24 02:00:00+00:00,2026-02-25 06:00:00+00:00,5193.32,5217.01,0.38511010297844156,REVERSE_SIGNAL,-9.123258339559477,1.4031931404188458,-10.526451479978324
192,LONG,2026-02-25 06:00:00+00:00,2026-02-25 11:00:00+00:00,5217.01,5175.2739200000005,0.38336135065871063,HARD_SL,-15.999999999999874,1.3944,-17.394399999999873
193,SHORT,2026-02-28 21:00:00+00:00,2026-03-01 10:00:00+00:00,5360.37,5403.25296,0.3731085727291213,HARD_SL,-15.999999999999966,1.4056,-17.405599999999968
194,LONG,2026-03-02 00:00:00+00:00,2026-03-02 00:00:00+00:00,5429.65,5386.212799999999,0.3683478677262807,HARD_SL,-16.00000000000011,1.3944,-17.39440000000011
195,SHORT,2026-03-02 15:00:00+00:00,2026-03-06 19:00:00+00:00,5349.74,5169.98,0.3738499441094334,REVERSE_SIGNAL,67.20326595311182,1.376478856916411,65.82678709619542
196,LONG,2026-03-06 19:00:00+00:00,2026-03-08 22:00:00+00:00,5169.98,5162.13,0.38684869187114845,REVERSE_SIGNAL,-3.0367622311883045,1.3989371332190839,-4.435699364407388
197,SHORT,2026-03-08 22:00:00+00:00,2026-03-09 20:00:00+00:00,5162.13,5143.96,0.3874369688481305,REVERSE_SIGNAL,7.039729723970559,1.3975360945966102,5.642193629373949
198,LONG,2026-03-09 20:00:00+00:00,2026-03-11 23:00:00+00:00,5143.96,5142.2,0.38880551170693395,REVERSE_SIGNAL,-0.6842977006042886,1.3997604958047885,-2.084058196409077
199,SHORT,2026-03-11 23:00:00+00:00,2026-03-12 08:00:00+00:00,5142.2,5183.3376,0.38893858659717634,HARD_SL,-16.00000000000001,1.4056,-17.40560000000001
200,LONG,2026-03-15 23:00:00+00:00,2026-03-15 23:00:00+00:00,5022.33,4982.15136,0.3982215425907895,HARD_SL,-16.000000000000032,1.3944,-17.394400000000033
201,SHORT,2026-03-16 10:00:00+00:00,2026-03-16 11:00:00+00:00,4964.95,5004.6696,0.40282379480155894,HARD_SL,-16.000000000000142,1.4056,-17.405600000000142
202,LONG,2026-03-20 04:00:00+00:00,2026-03-20 05:00:00+00:00,4728.19,4690.364479999999,0.4229948458078039,HARD_SL,-16.00000000000014,1.3944,-17.39440000000014
203,SHORT,2026-03-20 15:00:00+00:00,2026-03-20 16:00:00+00:00,4571.35,4607.920800000001,0.4375075196604941,HARD_SL,-16.00000000000018,1.4056,-17.40560000000018
204,LONG,2026-03-22 19:00:00+00:00,2026-03-22 22:00:00+00:00,4494.57,4458.61344,0.4449813886534196,HARD_SL,-15.999999999999835,1.3944,-17.394399999999834
205,SHORT,2026-03-23 01:00:00+00:00,2026-03-23 01:00:00+00:00,4363.27,4398.176160000001,0.4583718174671748,HARD_SL,-16.000000000000206,1.4056,-17.405600000000206
206,LONG,2026-03-23 12:00:00+00:00,2026-03-23 12:00:00+00:00,4382.49,4347.43008,0.4563615661416227,HARD_SL,-15.999999999999861,1.3944,-17.394399999999862
207,SHORT,2026-03-26 06:00:00+00:00,2026-03-26 14:00:00+00:00,4439.33,4474.84464,0.45051843408802683,HARD_SL,-16.00000000000015,1.4056,-17.40560000000015
208,LONG,2026-03-27 15:00:00+00:00,2026-03-29 23:00:00+00:00,4507.56,4488.54,0.4436990300739202,REVERSE_SIGNAL,-8.439155552006156,1.397046295556798,-9.836201847562954
209,SHORT,2026-03-29 23:00:00+00:00,2026-03-30 03:00:00+00:00,4488.54,4524.44832,0.44557918610505864,HARD_SL,-16.000000000000203,1.4056,-17.405600000000202
210,LONG,2026-03-30 04:00:00+00:00,2026-04-02 02:00:00+00:00,4503.04,4684.77,0.4441444002274019,REVERSE_SIGNAL,80.71436185332597,1.428250026648664,79.2861118266773
211,SHORT,2026-04-02 02:00:00+00:00,2026-04-06 05:00:00+00:00,4684.77,4644.44,0.42691530213863216,REVERSE_SIGNAL,17.217494135251393,1.393973877052662,15.82352025819873
212,LONG,2026-04-06 05:00:00+00:00,2026-04-07 01:00:00+00:00,4644.44,4607.284479999999,0.43062242164825043,HARD_SL,-16.00000000000011,1.3944,-17.39440000000011
213,SHORT,2026-04-07 02:00:00+00:00,2026-04-07 08:00:00+00:00,4610.4,4647.2832,0.43380183931979877,HARD_SL,-16.000000000000096,1.4056,-17.405600000000096
214,LONG,2026-04-07 20:00:00+00:00,2026-04-08 19:00:00+00:00,4684.36,4688.03,0.42695266802722254,REVERSE_SIGNAL,1.5669162916599377,1.400548420702081,0.16636787095785666
215,SHORT,2026-04-08 19:00:00+00:00,2026-04-09 10:00:00+00:00,4688.03,4725.53424,0.4266184303428093,HARD_SL,-16.00000000000009,1.4056,-17.40560000000009
216,LONG,2026-04-09 16:00:00+00:00,2026-04-10 00:00:00+00:00,4778.56,4740.331520000001,0.41853612803857226,HARD_SL,-15.9999999999999,1.3944,-17.3943999999999
217,SHORT,2026-04-12 02:00:00+00:00,2026-04-13 02:00:00+00:00,4714.85,4699.76,0.4241916497873739,REVERSE_SIGNAL,6.4010519952915335,1.3977596318016479,5.003292363489885
218,LONG,2026-04-13 02:00:00+00:00,2026-04-15 21:00:00+00:00,4699.76,4779.78,0.42555364529252554,REVERSE_SIGNAL,34.052802696307694,1.4119184809437075,32.64088421536399
219,SHORT,2026-04-15 21:00:00+00:00,2026-04-16 00:00:00+00:00,4779.78,4818.018239999999,0.41842930009330975,HARD_SL,-15.999999999999867,1.4056,-17.40559999999987
220,LONG,2026-04-17 13:00:00+00:00,2026-04-18 12:00:00+00:00,4827.84,4789.21728,0.4142639358388016,HARD_SL,-16.000000000000124,1.3944,-17.394400000000125
221,SHORT,2026-04-18 13:00:00+00:00,2026-04-20 02:00:00+00:00,4786.41,4787.3,0.4178497036400977,REVERSE_SIGNAL,-0.37188623623982375,1.4001301601826839,-1.7720163964225075
222,LONG,2026-04-20 02:00:00+00:00,2026-04-21 07:00:00+00:00,4787.3,4764.1,0.4177720218076995,REVERSE_SIGNAL,-9.692310905938553,1.3966076911829213,-11.088918597121475
223,SHORT,2026-04-21 07:00:00+00:00,2026-04-24 15:00:00+00:00,4764.1,4711.87,0.4198064692176906,REVERSE_SIGNAL,21.92649188724018,1.3923257278394658,20.534166159400712
224,LONG,2026-04-24 15:00:00+00:00,2026-04-26 22:00:00+00:00,4711.87,4674.17504,0.4244599277993663,HARD_SL,-15.99999999999992,1.3944,-17.39439999999992
225,SHORT,2026-04-26 23:00:00+00:00,2026-04-27 03:00:00+00:00,4674.57,4705.0,0.42784683938843576,REVERSE_SIGNAL,-13.019379322590225,1.4045567827629066,-14.423936105353132
226,LONG,2026-04-27 03:00:00+00:00,2026-04-27 14:00:00+00:00,4705.0,4667.36,0.4250797024442083,HARD_SL,-16.00000000000014,1.3944,-17.39440000000014
227,SHORT,2026-04-27 15:00:00+00:00,2026-04-30 08:00:00+00:00,4666.32,4589.32,0.42860326767131274,REVERSE_SIGNAL,33.00245161069108,1.388449141936258,31.614002468754826
228,LONG,2026-04-30 08:00:00+00:00,2026-05-01 08:00:00+00:00,4589.32,4570.53,0.4357944096293133,REVERSE_SIGNAL,-8.188576956934781,1.397133998065073,-9.585710954999854
229,SHORT,2026-05-01 08:00:00+00:00,2026-05-01 13:00:00+00:00,4570.53,4607.094239999999,0.43758601300068045,HARD_SL,-15.999999999999869,1.4056,-17.40559999999987
230,LONG,2026-05-01 14:00:00+00:00,2026-05-03 23:00:00+00:00,4618.58,4608.88,0.43303352978621135,REVERSE_SIGNAL,-4.200425238926171,1.398529851166376,-5.598955090092547
231,SHORT,2026-05-03 23:00:00+00:00,2026-05-05 14:00:00+00:00,4608.88,4568.9,0.4339449063546892,REVERSE_SIGNAL,17.349117356060678,1.3939278089253788,15.955189547135298
232,LONG,2026-05-05 14:00:00+00:00,2026-05-07 21:00:00+00:00,4568.9,4678.91,0.43774212611350655,REVERSE_SIGNAL,48.15601129374695,1.4168546039528114,46.739156689794136
233,SHORT,2026-05-07 21:00:00+00:00,2026-05-08 02:00:00+00:00,4678.91,4716.34128,0.42744998300886317,HARD_SL,-15.99999999999991,1.4056,-17.40559999999991
234,LONG,2026-05-09 22:00:00+00:00,2026-05-10 21:00:00+00:00,4713.29,4702.31,0.42433204831444704,REVERSE_SIGNAL,-4.659165890492443,1.3983692919383275,-6.057535182430771
235,SHORT,2026-05-10 21:00:00+00:00,2026-05-11 14:00:00+00:00,4702.31,4726.06,0.42532287322613777,REVERSE_SIGNAL,-10.101418239120772,1.4035354963836923,-11.504953735504465
236,LONG,2026-05-11 14:00:00+00:00,2026-05-12 06:00:00+00:00,4726.06,4688.251520000001,0.42318548643055737,HARD_SL,-15.999999999999869,1.3944,-17.39439999999987
237,SHORT,2026-05-12 07:00:00+00:00,2026-05-17 16:00:00+00:00,4686.74,4539.37,0.42673585477325393,REVERSE_SIGNAL,62.888062917934384,1.377989177978723,61.51007373995566
238,LONG,2026-05-17 16:00:00+00:00,2026-05-17 21:00:00+00:00,4539.37,4525.44,0.440589773470768,REVERSE_SIGNAL,-6.137415544447927,1.3978519045594433,-7.53526744900737
239,SHORT,2026-05-17 21:00:00+00:00,2026-05-17 23:00:00+00:00,4525.44,4542.49,0.4419459765238298,REVERSE_SIGNAL,-7.535178899731378,1.4026373126149059,-8.937816212346284
240,LONG,2026-05-17 23:00:00+00:00,2026-05-18 00:00:00+00:00,4542.49,4506.150079999999,0.44028715528267537,HARD_SL,-16.000000000000153,1.3944,-17.394400000000154
241,SHORT,2026-05-18 01:00:00+00:00,2026-05-18 07:00:00+00:00,4511.21,4547.29968,0.44334003515686476,HARD_SL,-16.000000000000018,1.4056,-17.405600000000018
242,LONG,2026-05-18 13:00:00+00:00,2026-05-18 15:00:00+00:00,4567.93,4531.38656,0.4378350806601677,HARD_SL,-16.000000000000163,1.3944,-17.394400000000164
243,SHORT,2026-05-19 14:00:00+00:00,2026-05-20 15:00:00+00:00,4505.38,4527.47,0.4439137209292002,REVERSE_SIGNAL,-9.806054095326097,1.403432118933364,-11.20948621425946
244,LONG,2026-05-20 15:00:00+00:00,2026-05-21 13:00:00+00:00,4527.47,4499.98,0.4417478194223263,REVERSE_SIGNAL,-12.143647555920056,1.395749723355428,-13.539397279275484
245,SHORT,2026-05-21 13:00:00+00:00,2026-05-21 17:00:00+00:00,4499.98,4535.97984,0.44444641976186566,HARD_SL,-16.00000000000018,1.4056,-17.40560000000018
246,LONG,2026-05-23 21:00:00+00:00,2026-05-24 15:00:00+00:00,4524.47,4520.75,0.44204072521201376,REVERSE_SIGNAL,-1.6443914977888037,1.399424462975774,-3.0438159607645776
247,SHORT,2026-05-24 15:00:00+00:00,2026-05-24 22:00:00+00:00,4520.75,4556.916,0.4424044682851297,HARD_SL,-16.000000000000075,1.4056,-17.405600000000074
248,LONG,2026-05-24 23:00:00+00:00,2026-05-26 01:00:00+00:00,4556.8,4520.345600000001,0.43890449438202245,HARD_SL,-15.999999999999833,1.3944,-17.394399999999834
249,SHORT,2026-05-26 02:00:00+00:00,2026-05-28 15:00:00+00:00,4528.01,4463.29,0.4416951375990777,REVERSE_SIGNAL,28.58650930541242,1.3899947217431057,27.196514583669316
250,LONG,2026-05-28 15:00:00+00:00,2026-06-01 02:00:00+00:00,4463.29,4517.33,0.44809994421155697,REVERSE_SIGNAL,24.215320985192523,1.4084753623448174,22.806845622847707
251,SHORT,2026-06-01 02:00:00+00:00,2026-06-02 05:00:00+00:00,4517.33,4509.45,0.4427394057994435,REVERSE_SIGNAL,3.488786517699663,1.3987789247188052,2.0900075929808577
252,LONG,2026-06-02 05:00:00+00:00,2026-06-02 18:00:00+00:00,4509.45,4482.09,0.4435130670037366,REVERSE_SIGNAL,-12.134517513222088,1.3957529188703723,-13.53027043209246
253,SHORT,2026-06-02 18:00:00+00:00,2026-06-04 12:00:00+00:00,4482.09,4503.33,0.4462204016429835,REVERSE_SIGNAL,-9.477721330896872,1.403317202465814,-10.881038533362686
254,LONG,2026-06-04 12:00:00+00:00,2026-06-04 14:00:00+00:00,4503.33,4467.30336,0.444115798753367,HARD_SL,-16.00000000000002,1.3944,-17.394400000000022
255,SHORT,2026-06-05 02:00:00+00:00,2026-06-07 07:00:00+00:00,4440.26,4310.9,0.45042407426592135,REVERSE_SIGNAL,58.26685824703985,1.379606599613536,56.88725164742631
256,LONG,2026-06-07 07:00:00+00:00,2026-06-08 03:00:00+00:00,4310.9,4303.51,0.4639402444965089,REVERSE_SIGNAL,-3.4285184068289305,1.39880001855761,-4.82731842538654
257,SHORT,2026-06-08 03:00:00+00:00,2026-06-09 05:00:00+00:00,4303.51,4337.93808,0.4647369240457208,HARD_SL,-15.999999999999853,1.4056,-17.405599999999854
258,LONG,2026-06-09 06:00:00+00:00,2026-06-09 14:00:00+00:00,4334.85,4300.171200000001,0.46137697959560303,HARD_SL,-15.999999999999853,1.3944,-17.39439999999985
259,SHORT,2026-06-09 16:00:00+00:00,2026-06-11 18:00:00+00:00,4266.53,4147.53,0.4687650151293909,REVERSE_SIGNAL,55.78303680039752,1.380475937119861,54.40256086327766
260,LONG,2026-06-11 18:00:00+00:00,2026-06-15 21:00:00+00:00,4147.53,4300.77,0.48221471574648045,REVERSE_SIGNAL,73.894583040991,1.4258631040643468,72.46871993692665
261,SHORT,2026-06-15 21:00:00+00:00,2026-06-16 08:00:00+00:00,4300.77,4335.176160000001,0.46503300571758077,HARD_SL,-16.00000000000021,1.4056,-17.40560000000021
262,LONG,2026-06-16 13:00:00+00:00,2026-06-16 14:00:00+00:00,4344.67,4309.9126400000005,0.46033415656425,HARD_SL,-15.999999999999819,1.3944,-17.39439999999982
263,SHORT,2026-06-17 19:00:00+00:00,2026-06-18 01:00:00+00:00,4279.69,4313.927519999999,0.467323567828511,HARD_SL,-15.99999999999985,1.4056,-17.40559999999985
264,LONG,2026-06-22 01:00:00+00:00,2026-06-23 01:00:00+00:00,4195.35,4161.787200000001,0.4767182714195478,HARD_SL,-15.999999999999854,1.3944,-17.394399999999855
265,SHORT,2026-06-23 02:00:00+00:00,2026-06-26 10:00:00+00:00,4156.3,4043.1,0.48119721868007603,REVERSE_SIGNAL,54.47152515458474,1.3809349661958952,53.090590188388845
266,LONG,2026-06-26 10:00:00+00:00,2026-06-28 23:00:00+00:00,4043.1,4059.68,0.4946699314882145,REVERSE_SIGNAL,8.20162746407456,1.4028705696124262,6.798756894462134
267,SHORT,2026-06-28 23:00:00+00:00,2026-06-30 07:00:00+00:00,4059.68,4027.2,0.4926496669688252,REVERSE_SIGNAL,16.001261183147452,1.3943995585858986,14.606861624561553
268,LONG,2026-06-30 07:00:00+00:00,2026-06-30 23:00:00+00:00,4027.2,4002.11,0.49662296384584825,END,-12.46027016289218,1.3956389054429879,-13.855909068335167
